Stay ;BodyType ;AircraftType ;Towable ;Arr_OwnerCie ;Arr_ExploitingCie ;Arr_Number ;Arr_Date ;Arr_Hour;Arr_CourrierCode ;Arr_Stop ;Dep_OwnerCie ;Dep_ExploitingCie ;Dep_Number ;Dep_Date ;Dep_Hour;Dep_CourrierCode ;Dep_Stop ;Parking 1 ;Contact 1 ;Zone 1 ;Start Date 1 ;Start Hour 1 ;End Date 1 ;End Hour 1 ;Parking 2 ;Contact 2 ;Zone 2 ;Start Date 2 ;Start Hour 2 ;End Date 2 ;End Hour 2 ;Parking 3 ;Contact 3 ;Zone 3 ;Start Date 3 ;Start Hour 3 ;End Date 3 ;End Hour 3 ;Parking 4 ;Contact 4 ;Zone 4 ;Start Date 4 ;Start Hour 4 ;End Date 4 ;End Hour 4 
3299854;MP;319;0;AF;AF;7685;09/08/2022;20:00;MC;MPL;AF;AF;9440;09/08/2022;21:00;MC;AGP;-;-;-;-;-;-;-;-;-;-;-;-;-;-;-;-;-;-;-;-;-;-;-;-;-;-;-;-
3299926;MP;321;0;AF;AF;7673;09/08/2022;07:50;MC;MRS;AF;AF;7736;09/08/2022;08:50;MC;BES;-;-;-;-;-;-;-;-;-;-;-;-;-;-;-;-;-;-;-;-;-;-;-;-;-;-;-;-
3299947;MP;223;0;AF;AF;1579;09/08/2022;08:30;MC;NAP;AF;AF;1146;09/08/2022;09:30;MC;WAW;-;-;-;-;-;-;-;-;-;-;-;-;-;-;-;-;-;-;-;-;-;-;-;-;-;-;-;-
3300041;MP;320;0;AF;AF;7669;09/08/2022;11:25;MC;MRS;AF;AF;1832;09/08/2022;12:25;MC;ATH;-;-;-;-;-;-;-;-;-;-;-;-;-;-;-;-;-;-;-;-;-;-;-;-;-;-;-;-
3300046;MP;223;0;AF;AF;1549;09/08/2022;20:00;MC;BCN;AF;AF;1134;09/08/2022;20:55;MC;BER;-;-;-;-;-;-;-;-;-;-;-;-;-;-;-;-;-;-;-;-;-;-;-;-;-;-;-;-
3300054;MP;320;0;AF;AF;1243;09/08/2022;08:40;MC;GVA;AF;AF;7662;09/08/2022;09:35;MC;MRS;-;-;-;-;-;-;-;-;-;-;-;-;-;-;-;-;-;-;-;-;-;-;-;-;-;-;-;-
3298993;MP;320;1;AF;AF;1003;09/08/2022;18:40;MC;HER;AF;AF;1242;09/08/2022;20:45;MC;GVA;-;-;-;-;-;-;-;-;-;-;-;-;-;-;-;-;-;-;-;-;-;-;-;-;-;-;-;-
3299606;MP;320;0;AF;AF;1583;09/08/2022;08:20;MC;PRG;AF;AF;1262;09/08/2022;09:15;MC;ARN;-;-;-;-;-;-;-;-;-;-;-;-;-;-;-;-;-;-;-;-;-;-;-;-;-;-;-;-
3299609;MP;320;0;AF;AF;1241;09/08/2022;10:50;MC;AMS;AF;AF;1640;09/08/2022;11:45;MC;AMS;-;-;-;-;-;-;-;-;-;-;-;-;-;-;-;-;-;-;-;-;-;-;-;-;-;-;-;-
3299618;MP;320;0;AF;AF;1641;09/08/2022;15:25;MC;AMS;AF;AF;1194;09/08/2022;16:20;MC;LIS;-;-;-;-;-;-;-;-;-;-;-;-;-;-;-;-;-;-;-;-;-;-;-;-;-;-;-;-
3299647;MP;320;0;AF;AF;1091;09/08/2022;12:45;MC;BRI;AF;AF;1098;09/08/2022;13:45;MC;JMK;-;-;-;-;-;-;-;-;-;-;-;-;-;-;-;-;-;-;-;-;-;-;-;-;-;-;-;-
3299700;MP;223;0;AF;AF;1295;09/08/2022;14:40;MC;BUD;AF;AF;1328;09/08/2022;15:35;MC;BLQ;-;-;-;-;-;-;-;-;-;-;-;-;-;-;-;-;-;-;-;-;-;-;-;-;-;-;-;-
3299701;MP;321;0;AF;AF;7349;09/08/2022;11:20;MC;BOD;AF;AF;7514;09/08/2022;12:35;MC;TLS;-;-;-;-;-;-;-;-;-;-;-;-;-;-;-;-;-;-;-;-;-;-;-;-;-;-;-;-
3299763;MP;319;0;AF;AF;1567;09/08/2022;17:05;MC;FLR;AF;AF;1766;09/08/2022;18:05;MC;FLR;-;-;-;-;-;-;-;-;-;-;-;-;-;-;-;-;-;-;-;-;-;-;-;-;-;-;-;-
3299774;MP;321;0;AF;AF;1005;09/08/2022;08:35;MC;FCO;AF;AF;7720;09/08/2022;09:35;MC;NTE;-;-;-;-;-;-;-;-;-;-;-;-;-;-;-;-;-;-;-;-;-;-;-;-;-;-;-;-
3299825;MP;223;0;AF;AF;1135;09/08/2022;08:05;MC;BER;AF;AF;1150;09/08/2022;09:20;MC;CPH;-;-;-;-;-;-;-;-;-;-;-;-;-;-;-;-;-;-;-;-;-;-;-;-;-;-;-;-
3300092;MP;319;0;AF;AF;1025;09/08/2022;15:40;MC;LIS;AF;AF;7588;09/08/2022;16:30;MC;AJA;-;-;-;-;-;-;-;-;-;-;-;-;-;-;-;-;-;-;-;-;-;-;-;-;-;-;-;-
3300102;MP;223;0;AF;AF;1083;09/08/2022;19:55;MC;PRG;AF;AF;1610;09/08/2022;20:50;MC;HAM;-;-;-;-;-;-;-;-;-;-;-;-;-;-;-;-;-;-;-;-;-;-;-;-;-;-;-;-
3300103;MP;320;0;AF;AF;1447;09/08/2022;15:15;MC;HER;AF;AF;1342;09/08/2022;16:15;MC;GVA;-;-;-;-;-;-;-;-;-;-;-;-;-;-;-;-;-;-;-;-;-;-;-;-;-;-;-;-
3300105;MP;321;0;AF;AF;7641;09/08/2022;10:35;MC;LYS;AF;AF;7664;09/08/2022;11:30;MC;MRS;-;-;-;-;-;-;-;-;-;-;-;-;-;-;-;-;-;-;-;-;-;-;-;-;-;-;-;-
3300133;MP;320;0;AF;AF;7625;09/08/2022;12:35;MC;BOD;AF;AF;1600;09/08/2022;13:30;MC;MAD;-;-;-;-;-;-;-;-;-;-;-;-;-;-;-;-;-;-;-;-;-;-;-;-;-;-;-;-
3300134;MP;319;0;AF;AF;1067;09/08/2022;11:40;MC;FLR;AF;AF;1566;09/08/2022;12:45;MC;FLR;-;-;-;-;-;-;-;-;-;-;-;-;-;-;-;-;-;-;-;-;-;-;-;-;-;-;-;-
3300168;MP;321;0;AF;AF;7725;09/08/2022;12:35;MC;NTE;AF;AF;1528;09/08/2022;14:15;MC;OPO;-;-;-;-;-;-;-;-;-;-;-;-;-;-;-;-;-;-;-;-;-;-;-;-;-;-;-;-
3300177;MP;318;0;AF;AF;1411;09/08/2022;11:25;MC;HAM;AF;AF;1622;09/08/2022;12:20;MC;MUC;-;-;-;-;-;-;-;-;-;-;-;-;-;-;-;-;-;-;-;-;-;-;-;-;-;-;-;-
3300191;MP;318;0;AF;AF;1229;09/08/2022;11:35;MC;BLQ;AF;AF;1442;09/08/2022;12:40;MC;GVA;-;-;-;-;-;-;-;-;-;-;-;-;-;-;-;-;-;-;-;-;-;-;-;-;-;-;-;-
3300219;MP;223;0;AF;AF;1301;09/08/2022;14:25;MC;MAD;AF;AF;1604;09/08/2022;15:25;MC;FCO;-;-;-;-;-;-;-;-;-;-;-;-;-;-;-;-;-;-;-;-;-;-;-;-;-;-;-;-
3300229;MP;320;0;AF;AF;1727;09/08/2022;17:05;MC;VCE;AF;AF;1312;09/08/2022;18:20;MC;LIN;-;-;-;-;-;-;-;-;-;-;-;-;-;-;-;-;-;-;-;-;-;-;-;-;-;-;-;-
3300237;MP;321;0;AF;AF;7667;09/08/2022;15:10;MC;MRS;AF;AF;7706;09/08/2022;16:10;MC;NCE;-;-;-;-;-;-;-;-;-;-;-;-;-;-;-;-;-;-;-;-;-;-;-;-;-;-;-;-
3300251;MP;321;0;AF;AF;7525;09/08/2022;20:40;MC;TLS;AF;AF;7526;09/08/2022;21:40;MC;TLS;-;-;-;-;-;-;-;-;-;-;-;-;-;-;-;-;-;-;-;-;-;-;-;-;-;-;-;-
3300254;MP;223;0;AF;AF;1511;09/08/2022;20:00;MC;HAM;AF;AF;1350;09/08/2022;20:55;MC;CPH;-;-;-;-;-;-;-;-;-;-;-;-;-;-;-;-;-;-;-;-;-;-;-;-;-;-;-;-
3300271;MP;319;0;AF;AF;1267;09/08/2022;08:20;MC;FLR;AF;AF;1366;09/08/2022;09:15;MC;FLR;-;-;-;-;-;-;-;-;-;-;-;-;-;-;-;-;-;-;-;-;-;-;-;-;-;-;-;-
3300276;MP;319;0;AF;AF;1235;09/08/2022;17:10;MC;BER;AF;AF;1534;09/08/2022;18:00;MC;BER;-;-;-;-;-;-;-;-;-;-;-;-;-;-;-;-;-;-;-;-;-;-;-;-;-;-;-;-
3300287;MP;321;0;AF;AF;7711;09/08/2022;07:30;MC;NCE;AF;AF;7688;09/08/2022;08:40;MC;MPL;-;-;-;-;-;-;-;-;-;-;-;-;-;-;-;-;-;-;-;-;-;-;-;-;-;-;-;-
3300291;MP;319;0;AF;AF;7517;09/08/2022;10:40;MC;TLS;AF;AF;1012;09/08/2022;11:30;MC;LIN;-;-;-;-;-;-;-;-;-;-;-;-;-;-;-;-;-;-;-;-;-;-;-;-;-;-;-;-
3300292;MP;321;0;AF;AF;9427;09/08/2022;15:30;MC;RHO;AF;AF;1494;09/08/2022;16:45;MC;BUD;-;-;-;-;-;-;-;-;-;-;-;-;-;-;-;-;-;-;-;-;-;-;-;-;-;-;-;-
3300293;MP;321;0;AF;AF;7681;09/08/2022;07:20;MC;MPL;AF;AF;1340;09/08/2022;08:20;MC;AMS;-;-;-;-;-;-;-;-;-;-;-;-;-;-;-;-;-;-;-;-;-;-;-;-;-;-;-;-
3300324;MP;319;0;AF;AF;1667;09/08/2022;20:00;MC;FLR;AF;AF;1266;09/08/2022;20:55;MC;FLR;-;-;-;-;-;-;-;-;-;-;-;-;-;-;-;-;-;-;-;-;-;-;-;-;-;-;-;-
3300338;MP;223;0;AF;AF;1233;09/08/2022;14:50;MC;ATH;AF;AF;1510;09/08/2022;15:50;MC;HAM;-;-;-;-;-;-;-;-;-;-;-;-;-;-;-;-;-;-;-;-;-;-;-;-;-;-;-;-
3300350;MP;319;0;AF;AF;9441;09/08/2022;08:40;MC;AGP;AF;AF;7702;09/08/2022;09:30;MC;NCE;-;-;-;-;-;-;-;-;-;-;-;-;-;-;-;-;-;-;-;-;-;-;-;-;-;-;-;-
3300387;MP;320;0;AF;AF;7737;09/08/2022;07:25;MC;BES;AF;AF;1072;09/08/2022;08:20;MC;JMK;-;-;-;-;-;-;-;-;-;-;-;-;-;-;-;-;-;-;-;-;-;-;-;-;-;-;-;-
3300397;MP;321;0;AF;AF;1401;09/08/2022;08:05;MC;MAD;AF;AF;1104;09/08/2022;09:15;MC;FCO;-;-;-;-;-;-;-;-;-;-;-;-;-;-;-;-;-;-;-;-;-;-;-;-;-;-;-;-
3300403;MP;223;0;AF;AF;1227;09/08/2022;19:45;MC;VCE;AF;AF;1238;09/08/2022;21:05;MC;VIE;-;-;-;-;-;-;-;-;-;-;-;-;-;-;-;-;-;-;-;-;-;-;-;-;-;-;-;-
3300427;MP;321;0;AF;AF;7733;09/08/2022;20:30;MC;BES;AF;AF;7670;09/08/2022;21:30;MC;MRS;-;-;-;-;-;-;-;-;-;-;-;-;-;-;-;-;-;-;-;-;-;-;-;-;-;-;-;-
3300436;MP;319;0;AF;AF;9455;09/08/2022;19:50;MC;VLC;AF;AF;1448;09/08/2022;21:05;MC;BCN;-;-;-;-;-;-;-;-;-;-;-;-;-;-;-;-;-;-;-;-;-;-;-;-;-;-;-;-
3300437;MP;223;0;AF;AF;1239;09/08/2022;08:15;MC;VIE;AF;AF;1294;09/08/2022;09:15;MC;BUD;-;-;-;-;-;-;-;-;-;-;-;-;-;-;-;-;-;-;-;-;-;-;-;-;-;-;-;-
3300456;MP;321;0;AF;AF;1725;09/08/2022;20:50;MC;ZTH;AF;AF;7728;09/08/2022;21:50;MC;NTE;-;-;-;-;-;-;-;-;-;-;-;-;-;-;-;-;-;-;-;-;-;-;-;-;-;-;-;-
3300476;MP;223;0;AF;AF;1733;09/08/2022;08:25;MC;LIN;AF;AF;1138;09/08/2022;09:20;MC;VIE;-;-;-;-;-;-;-;-;-;-;-;-;-;-;-;-;-;-;-;-;-;-;-;-;-;-;-;-
3300483;MP;321;0;AF;AF;7629;09/08/2022;17:05;MC;BOD;AF;AF;7708;09/08/2022;18:10;MC;NCE;-;-;-;-;-;-;-;-;-;-;-;-;-;-;-;-;-;-;-;-;-;-;-;-;-;-;-;-
3300493;MP;321;0;AF;AF;7523;09/08/2022;16:05;MC;TLS;AF;AF;7738;09/08/2022;17:05;MC;BES;-;-;-;-;-;-;-;-;-;-;-;-;-;-;-;-;-;-;-;-;-;-;-;-;-;-;-;-
3300549;MP;223;0;AF;AF;1851;09/08/2022;16:55;MC;CPH;AF;AF;1050;09/08/2022;17:50;MC;CPH;-;-;-;-;-;-;-;-;-;-;-;-;-;-;-;-;-;-;-;-;-;-;-;-;-;-;-;-
3300558;MP;223;0;AF;AF;1731;09/08/2022;19:25;MC;MXP;AF;AF;1578;09/08/2022;20:35;MC;NAP;-;-;-;-;-;-;-;-;-;-;-;-;-;-;-;-;-;-;-;-;-;-;-;-;-;-;-;-
3300578;MP;319;0;AF;AF;9421;09/08/2022;15:15;MC;AGP;AF;AF;7686;09/08/2022;16:35;MC;MPL;-;-;-;-;-;-;-;-;-;-;-;-;-;-;-;-;-;-;-;-;-;-;-;-;-;-;-;-
3300579;MP;320;0;AF;AF;1347;09/08/2022;18:25;MC;WAW;AF;AF;1246;09/08/2022;19:20;MC;WAW;-;-;-;-;-;-;-;-;-;-;-;-;-;-;-;-;-;-;-;-;-;-;-;-;-;-;-;-
3300581;MP;321;0;AF;AF;7689;09/08/2022;12:10;MC;MPL;AF;AF;1724;09/08/2022;13:30;MC;ZTH;-;-;-;-;-;-;-;-;-;-;-;-;-;-;-;-;-;-;-;-;-;-;-;-;-;-;-;-
3300654;MP;223;0;AF;AF;1533;09/08/2022;16:55;MC;ATH;AF;AF;1248;09/08/2022;17:50;MC;BCN;-;-;-;-;-;-;-;-;-;-;-;-;-;-;-;-;-;-;-;-;-;-;-;-;-;-;-;-
3300655;MP;320;0;AF;AF;1601;09/08/2022;18:50;MC;MAD;AF;AF;1582;09/08/2022;20:15;MC;PRG;-;-;-;-;-;-;-;-;-;-;-;-;-;-;-;-;-;-;-;-;-;-;-;-;-;-;-;-
3300665;MP;321;0;AF;AF;7701;09/08/2022;12:40;MC;NCE;AF;AF;7634;09/08/2022;13:45;MC;BOD;-;-;-;-;-;-;-;-;-;-;-;-;-;-;-;-;-;-;-;-;-;-;-;-;-;-;-;-
3300679;MP;223;0;AF;AF;1071;09/08/2022;19:45;MC;HEL;AF;AF;1732;09/08/2022;20:55;MC;LIN;-;-;-;-;-;-;-;-;-;-;-;-;-;-;-;-;-;-;-;-;-;-;-;-;-;-;-;-
3300695;MP;223;0;AF;AF;1139;09/08/2022;14:20;MC;VIE;AF;AF;1548;09/08/2022;15:25;MC;BCN;-;-;-;-;-;-;-;-;-;-;-;-;-;-;-;-;-;-;-;-;-;-;-;-;-;-;-;-
3300702;MP;319;0;AF;AF;1349;09/08/2022;14:35;MC;BCN;AF;AF;1666;09/08/2022;15:40;MC;FLR;-;-;-;-;-;-;-;-;-;-;-;-;-;-;-;-;-;-;-;-;-;-;-;-;-;-;-;-
3300709;MP;223;0;AF;AF;1179;09/08/2022;14:40;MC;NAP;AF;AF;1730;09/08/2022;15:35;MC;MXP;-;-;-;-;-;-;-;-;-;-;-;-;-;-;-;-;-;-;-;-;-;-;-;-;-;-;-;-
3300714;MP;223;1;AF;AF;1611;09/08/2022;07:45;MC;HAM;AF;AF;1734;09/08/2022;09:45;MC;BER;-;-;-;-;-;-;-;-;-;-;-;-;-;-;-;-;-;-;-;-;-;-;-;-;-;-;-;-
3300731;MP;321;0;AF;AF;9453;09/08/2022;20:30;MC;LPA;AF;AF;7712;09/08/2022;21:35;MC;NCE;-;-;-;-;-;-;-;-;-;-;-;-;-;-;-;-;-;-;-;-;-;-;-;-;-;-;-;-
3300780;MP;319;0;AF;AF;1831;09/08/2022;11:55;MC;MXP;AF;AF;1234;09/08/2022;12:50;MC;BER;-;-;-;-;-;-;-;-;-;-;-;-;-;-;-;-;-;-;-;-;-;-;-;-;-;-;-;-
3300800;MP;319;0;AF;AF;1247;09/08/2022;08:35;MC;WAW;AF;AF;1024;09/08/2022;09:35;MC;LIS;-;-;-;-;-;-;-;-;-;-;-;-;-;-;-;-;-;-;-;-;-;-;-;-;-;-;-;-
3300807;MP;319;0;AF;AF;1695;09/08/2022;08:25;MC;BUD;AF;AF;9420;09/08/2022;09:15;MC;AGP;-;-;-;-;-;-;-;-;-;-;-;-;-;-;-;-;-;-;-;-;-;-;-;-;-;-;-;-
3300843;MP;318;1;AF;AF;1123;09/08/2022;09:00;MC;MUC;AF;AF;7704;09/08/2022;13:20;MC;NCE;-;-;-;-;-;-;-;-;-;-;-;-;-;-;-;-;-;-;-;-;-;-;-;-;-;-;-;-
3300848;MP;321;0;AF;AF;7705;09/08/2022;11:15;MC;NCE;AF;AF;1304;09/08/2022;12:20;MC;FCO;-;-;-;-;-;-;-;-;-;-;-;-;-;-;-;-;-;-;-;-;-;-;-;-;-;-;-;-
3300906;MP;223;0;AF;AF;1735;09/08/2022;14:10;MC;BER;AF;AF;1226;09/08/2022;15:20;MC;VCE;-;-;-;-;-;-;-;-;-;-;-;-;-;-;-;-;-;-;-;-;-;-;-;-;-;-;-;-
3300962;MP;320;0;AF;AF;1073;09/08/2022;16:15;MC;JMK;AF;AF;1100;09/08/2022;17:10;MC;MAD;-;-;-;-;-;-;-;-;-;-;-;-;-;-;-;-;-;-;-;-;-;-;-;-;-;-;-;-
3300990;MP;321;0;AF;AF;7645;09/08/2022;16:05;MC;LYS;AF;AF;7524;09/08/2022;17:15;MC;TLS;-;-;-;-;-;-;-;-;-;-;-;-;-;-;-;-;-;-;-;-;-;-;-;-;-;-;-;-
3300992;MP;320;0;AF;AF;1649;09/08/2022;17:10;MC;BCN;AF;AF;1526;09/08/2022;18:05;MC;VCE;-;-;-;-;-;-;-;-;-;-;-;-;-;-;-;-;-;-;-;-;-;-;-;-;-;-;-;-
3301003;MP;320;0;AF;AF;1643;09/08/2022;11:45;MC;GVA;AF;AF;1648;09/08/2022;12:40;MC;BCN;-;-;-;-;-;-;-;-;-;-;-;-;-;-;-;-;-;-;-;-;-;-;-;-;-;-;-;-
3301034;MP;320;0;AF;AF;1343;09/08/2022;19:30;MC;GVA;AF;AF;1462;09/08/2022;20:50;MC;ARN;-;-;-;-;-;-;-;-;-;-;-;-;-;-;-;-;-;-;-;-;-;-;-;-;-;-;-;-
3301038;MP;321;0;AF;AF;7649;09/08/2022;20:40;MC;LYS;AF;AF;7648;09/08/2022;21:55;MC;LYS;-;-;-;-;-;-;-;-;-;-;-;-;-;-;-;-;-;-;-;-;-;-;-;-;-;-;-;-
3301051;MP;320;0;AF;AF;1291;09/08/2022;20:40;MC;CTA;AF;AF;1694;09/08/2022;21:35;MC;BUD;-;-;-;-;-;-;-;-;-;-;-;-;-;-;-;-;-;-;-;-;-;-;-;-;-;-;-;-
3301080;MP;320;0;AF;AF;1449;09/08/2022;08:10;MC;BCN;AF;AF;7624;09/08/2022;09:20;MC;BOD;-;-;-;-;-;-;-;-;-;-;-;-;-;-;-;-;-;-;-;-;-;-;-;-;-;-;-;-
3301145;MP;320;0;AF;AF;1149;09/08/2022;11:45;MC;BCN;AF;AF;1726;09/08/2022;12:45;MC;VCE;-;-;-;-;-;-;-;-;-;-;-;-;-;-;-;-;-;-;-;-;-;-;-;-;-;-;-;-
3301160;MP;319;0;AF;AF;7627;09/08/2022;13:35;MC;BOD;AF;AF;1288;09/08/2022;14:55;MC;BRI;-;-;-;-;-;-;-;-;-;-;-;-;-;-;-;-;-;-;-;-;-;-;-;-;-;-;-;-
3301162;MP;321;0;AF;AF;1529;09/08/2022;19:35;MC;OPO;AF;AF;1032;09/08/2022;20:45;MC;ATH;-;-;-;-;-;-;-;-;-;-;-;-;-;-;-;-;-;-;-;-;-;-;-;-;-;-;-;-
3301172;MP;318;0;AF;AF;7727;09/08/2022;11:30;MC;NTE;AF;AF;7710;09/08/2022;12:20;MC;NCE;-;-;-;-;-;-;-;-;-;-;-;-;-;-;-;-;-;-;-;-;-;-;-;-;-;-;-;-
3301194;MP;319;0;AF;AF;1275;09/08/2022;08:35;MC;OSL;AF;AF;9414;09/08/2022;09:25;MC;VLC;-;-;-;-;-;-;-;-;-;-;-;-;-;-;-;-;-;-;-;-;-;-;-;-;-;-;-;-
3301201;MP;319;0;AF;AF;1041;09/08/2022;16:35;MC;JTR;AF;AF;7668;09/08/2022;17:25;MC;MRS;-;-;-;-;-;-;-;-;-;-;-;-;-;-;-;-;-;-;-;-;-;-;-;-;-;-;-;-
3301224;MP;321;0;AF;AF;7651;09/08/2022;07:05;MC;LYS;AF;AF;7348;09/08/2022;08:05;MC;BOD;-;-;-;-;-;-;-;-;-;-;-;-;-;-;-;-;-;-;-;-;-;-;-;-;-;-;-;-
3301241;MP;319;0;AF;AF;1429;09/08/2022;12:30;MC;OPO;AF;AF;7666;09/08/2022;13:35;MC;MRS;-;-;-;-;-;-;-;-;-;-;-;-;-;-;-;-;-;-;-;-;-;-;-;-;-;-;-;-
3301260;MP;319;0;AF;AF;7665;09/08/2022;17:10;MC;MRS;AF;AF;1022;09/08/2022;18:10;MC;MUC;-;-;-;-;-;-;-;-;-;-;-;-;-;-;-;-;-;-;-;-;-;-;-;-;-;-;-;-
3301275;MP;223;0;AF;AF;1329;09/08/2022;19:45;MC;BLQ;AF;AF;1176;09/08/2022;20:45;MC;HEL;-;-;-;-;-;-;-;-;-;-;-;-;-;-;-;-;-;-;-;-;-;-;-;-;-;-;-;-
3301279;MP;319;0;AF;AF;1367;09/08/2022;13:35;MC;FLR;AF;AF;9454;09/08/2022;14:55;MC;VLC;-;-;-;-;-;-;-;-;-;-;-;-;-;-;-;-;-;-;-;-;-;-;-;-;-;-;-;-
3301288;MP;223;0;AF;AF;1177;09/08/2022;08:20;MC;HEL;AF;AF;1178;09/08/2022;09:15;MC;NAP;-;-;-;-;-;-;-;-;-;-;-;-;-;-;-;-;-;-;-;-;-;-;-;-;-;-;-;-
3301345;MP;318;0;AF;AF;7707;09/08/2022;17:05;MC;NCE;AF;AF;1440;09/08/2022;17:50;MC;AMS;-;-;-;-;-;-;-;-;-;-;-;-;-;-;-;-;-;-;-;-;-;-;-;-;-;-;-;-
3301349;MP;320;0;AF;AF;7713;09/08/2022;11:30;MC;NCE;AF;AF;7724;09/08/2022;12:25;MC;NTE;-;-;-;-;-;-;-;-;-;-;-;-;-;-;-;-;-;-;-;-;-;-;-;-;-;-;-;-
3301359;MP;223;0;AF;AF;1213;09/08/2022;11:20;MC;LIN;AF;AF;1850;09/08/2022;12:15;MC;CPH;-;-;-;-;-;-;-;-;-;-;-;-;-;-;-;-;-;-;-;-;-;-;-;-;-;-;-;-
3301388;MP;223;0;AF;AF;1029;09/08/2022;08:20;MC;BLQ;AF;AF;1532;09/08/2022;09:15;MC;ATH;-;-;-;-;-;-;-;-;-;-;-;-;-;-;-;-;-;-;-;-;-;-;-;-;-;-;-;-
3301389;MP;318;0;AF;AF;1443;09/08/2022;15:55;MC;GVA;AF;AF;1140;09/08/2022;16:40;MC;AMS;-;-;-;-;-;-;-;-;-;-;-;-;-;-;-;-;-;-;-;-;-;-;-;-;-;-;-;-
3301391;MP;223;0;AF;AF;1225;09/08/2022;13:05;MC;LIS;AF;AF;1378;09/08/2022;14:25;MC;NAP;-;-;-;-;-;-;-;-;-;-;-;-;-;-;-;-;-;-;-;-;-;-;-;-;-;-;-;-
3301393;MP;321;0;AF;AF;1625;09/08/2022;19:25;MC;LIS;AF;AF;1124;09/08/2022;20:45;MC;LIS;-;-;-;-;-;-;-;-;-;-;-;-;-;-;-;-;-;-;-;-;-;-;-;-;-;-;-;-
3301417;MP;320;0;AF;AF;1463;09/08/2022;08:50;MC;ARN;AF;AF;7652;09/08/2022;09:55;MC;LYS;-;-;-;-;-;-;-;-;-;-;-;-;-;-;-;-;-;-;-;-;-;-;-;-;-;-;-;-
3301428;MP;319;0;AF;AF;1289;09/08/2022;20:35;MC;BRI;AF;AF;1326;09/08/2022;21:35;MC;VCE;-;-;-;-;-;-;-;-;-;-;-;-;-;-;-;-;-;-;-;-;-;-;-;-;-;-;-;-
3301430;MP;319;0;AF;AF;7637;09/08/2022;21:05;MC;BOD;AF;AF;7684;09/08/2022;21:55;MC;MPL;-;-;-;-;-;-;-;-;-;-;-;-;-;-;-;-;-;-;-;-;-;-;-;-;-;-;-;-
3301432;MP;318;0;AF;AF;1623;09/08/2022;16:20;MC;MUC;AF;AF;1404;09/08/2022;17:05;MC;FCO;-;-;-;-;-;-;-;-;-;-;-;-;-;-;-;-;-;-;-;-;-;-;-;-;-;-;-;-
3301453;MP;321;0;AF;AF;1341;09/08/2022;11:55;MC;AMS;AF;AF;1624;09/08/2022;13:10;MC;LIS;-;-;-;-;-;-;-;-;-;-;-;-;-;-;-;-;-;-;-;-;-;-;-;-;-;-;-;-
3301460;MP;319;0;AF;AF;7515;09/08/2022;17:40;MC;TLS;AF;AF;1042;09/08/2022;18:30;MC;GVA;-;-;-;-;-;-;-;-;-;-;-;-;-;-;-;-;-;-;-;-;-;-;-;-;-;-;-;-
3301500;MP;318;0;AF;AF;1141;09/08/2022;20:00;MC;AMS;AF;AF;1122;09/08/2022;20:55;MC;MUC;-;-;-;-;-;-;-;-;-;-;-;-;-;-;-;-;-;-;-;-;-;-;-;-;-;-;-;-
3301516;MP;320;0;AF;AF;7643;09/08/2022;13:05;MC;LYS;AF;AF;1290;09/08/2022;14:20;MC;CTA;-;-;-;-;-;-;-;-;-;-;-;-;-;-;-;-;-;-;-;-;-;-;-;-;-;-;-;-
3301517;MP;321;1;AF;AF;1125;09/08/2022;09:10;MC;LIS;AF;AF;9452;09/08/2022;11:20;MC;LPA;-;-;-;-;-;-;-;-;-;-;-;-;-;-;-;-;-;-;-;-;-;-;-;-;-;-;-;-
3301572;MP;223;0;AF;AF;1423;09/08/2022;11:40;MC;MUC;AF;AF;1070;09/08/2022;12:50;MC;HEL;-;-;-;-;-;-;-;-;-;-;-;-;-;-;-;-;-;-;-;-;-;-;-;-;-;-;-;-
3301573;MP;321;0;AF;AF;7621;09/08/2022;07:30;MC;BOD;AF;AF;7528;09/08/2022;08:30;MC;TLS;-;-;-;-;-;-;-;-;-;-;-;-;-;-;-;-;-;-;-;-;-;-;-;-;-;-;-;-
3301581;MP;320;0;AF;AF;1127;09/08/2022;11:45;MC;VCE;AF;AF;1346;09/08/2022;12:50;MC;WAW;-;-;-;-;-;-;-;-;-;-;-;-;-;-;-;-;-;-;-;-;-;-;-;-;-;-;-;-
3301599;MP;223;0;AF;AF;1147;09/08/2022;15:05;MC;WAW;AF;AF;1062;09/08/2022;16:10;MC;ARN;-;-;-;-;-;-;-;-;-;-;-;-;-;-;-;-;-;-;-;-;-;-;-;-;-;-;-;-
3301616;MP;321;0;AF;AF;7683;09/08/2022;16:35;MC;MPL;AF;AF;7646;09/08/2022;17:40;MC;LYS;-;-;-;-;-;-;-;-;-;-;-;-;-;-;-;-;-;-;-;-;-;-;-;-;-;-;-;-
3301618;MP;319;0;AF;AF;1481;09/08/2022;13:15;MC;PMO;AF;AF;7522;09/08/2022;14:05;MC;TLS;-;-;-;-;-;-;-;-;-;-;-;-;-;-;-;-;-;-;-;-;-;-;-;-;-;-;-;-
3301631;MP;321;0;AF;AF;7521;09/08/2022;12:00;MC;TLS;AF;AF;7680;09/08/2022;13:05;MC;MPL;-;-;-;-;-;-;-;-;-;-;-;-;-;-;-;-;-;-;-;-;-;-;-;-;-;-;-;-
3301637;MP;319;0;AF;AF;9415;09/08/2022;14:25;MC;VLC;AF;AF;1332;09/08/2022;15:20;MC;ATH;-;-;-;-;-;-;-;-;-;-;-;-;-;-;-;-;-;-;-;-;-;-;-;-;-;-;-;-
3301655;MP;223;0;AF;AF;1151;09/08/2022;14:00;MC;CPH;AF;AF;1082;09/08/2022;15:35;MC;PRG;-;-;-;-;-;-;-;-;-;-;-;-;-;-;-;-;-;-;-;-;-;-;-;-;-;-;-;-
3301659;MP;321;0;AF;AF;7739;09/08/2022;12:05;MC;BES;AF;AF;7644;09/08/2022;13:05;MC;LYS;-;-;-;-;-;-;-;-;-;-;-;-;-;-;-;-;-;-;-;-;-;-;-;-;-;-;-;-
3301661;MP;223;0;AF;AF;1351;09/08/2022;08:25;MC;CPH;AF;AF;1300;09/08/2022;09:20;MC;MAD;-;-;-;-;-;-;-;-;-;-;-;-;-;-;-;-;-;-;-;-;-;-;-;-;-;-;-;-
3301664;MP;319;0;AF;AF;7589;09/08/2022;21:05;MC;AJA;AF;AF;1492;09/08/2022;21:55;MC;VLC;-;-;-;-;-;-;-;-;-;-;-;-;-;-;-;-;-;-;-;-;-;-;-;-;-;-;-;-
3301671;MP;321;0;AF;AF;7529;09/08/2022;07:35;MC;TLS;AF;AF;7714;09/08/2022;08:50;MC;NCE;-;-;-;-;-;-;-;-;-;-;-;-;-;-;-;-;-;-;-;-;-;-;-;-;-;-;-;-
3301727;MP;320;0;AF;AF;1833;09/08/2022;20:00;MC;ATH;AF;AF;7732;09/08/2022;21:15;MC;BES;-;-;-;-;-;-;-;-;-;-;-;-;-;-;-;-;-;-;-;-;-;-;-;-;-;-;-;-
3301749;MP;321;0;AF;AF;1775;09/08/2022;20:00;MC;OSL;AF;AF;1004;09/08/2022;21:05;MC;FCO;-;-;-;-;-;-;-;-;-;-;-;-;-;-;-;-;-;-;-;-;-;-;-;-;-;-;-;-
3301761;MP;319;0;AF;AF;7731;09/08/2022;17:00;MC;NTE;AF;AF;7626;09/08/2022;17:50;MC;BOD;-;-;-;-;-;-;-;-;-;-;-;-;-;-;-;-;-;-;-;-;-;-;-;-;-;-;-;-
3301771;MP;321;0;AF;AF;1843;09/08/2022;13:15;MC;GVA;AF;AF;1774;09/08/2022;14:25;MC;OSL;-;-;-;-;-;-;-;-;-;-;-;-;-;-;-;-;-;-;-;-;-;-;-;-;-;-;-;-
3301787;MP;319;0;AF;AF;7703;09/08/2022;13:15;MC;NCE;AF;AF;7730;09/08/2022;14:05;MC;NTE;-;-;-;-;-;-;-;-;-;-;-;-;-;-;-;-;-;-;-;-;-;-;-;-;-;-;-;-
3301800;MP;320;0;AF;AF;7663;09/08/2022;13:20;MC;MRS;AF;AF;1096;09/08/2022;14:15;MC;JTR;-;-;-;-;-;-;-;-;-;-;-;-;-;-;-;-;-;-;-;-;-;-;-;-;-;-;-;-
3301809;MP;223;0;AF;AF;1605;09/08/2022;20:30;MC;FCO;AF;AF;1028;09/08/2022;22:05;MC;BLQ;-;-;-;-;-;-;-;-;-;-;-;-;-;-;-;-;-;-;-;-;-;-;-;-;-;-;-;-
3301811;MP;321;0;AF;AF;1033;09/08/2022;08:50;MC;ATH;AF;AF;1842;09/08/2022;09:55;MC;GVA;-;-;-;-;-;-;-;-;-;-;-;-;-;-;-;-;-;-;-;-;-;-;-;-;-;-;-;-
3301813;MP;321;0;AF;AF;7709;09/08/2022;20:00;MC;NCE;AF;AF;7630;09/08/2022;21:25;MC;BOD;-;-;-;-;-;-;-;-;-;-;-;-;-;-;-;-;-;-;-;-;-;-;-;-;-;-;-;-
3301847;MP;320;0;AF;AF;1263;09/08/2022;15:20;MC;ARN;AF;AF;7586;09/08/2022;16:15;MC;FSC;-;-;-;-;-;-;-;-;-;-;-;-;-;-;-;-;-;-;-;-;-;-;-;-;-;-;-;-
3301885;MP;319;0;AF;AF;7721;09/08/2022;07:05;MC;NTE;AF;AF;1830;09/08/2022;08:15;MC;MXP;-;-;-;-;-;-;-;-;-;-;-;-;-;-;-;-;-;-;-;-;-;-;-;-;-;-;-;-
3301917;MP;320;0;AZ;AZ;316;09/08/2022;10:50;MC;FCO;AZ;AZ;319;09/08/2022;11:40;MC;FCO;-;-;-;-;-;-;-;-;-;-;-;-;-;-;-;-;-;-;-;-;-;-;-;-;-;-;-;-
3301918;MP;320;0;AZ;AZ;324;09/08/2022;17:25;MC;FCO;AZ;AZ;325;09/08/2022;18:15;MC;FCO;-;-;-;-;-;-;-;-;-;-;-;-;-;-;-;-;-;-;-;-;-;-;-;-;-;-;-;-
3301920;MP;319;0;AZ;AZ;312;09/08/2022;14:35;MC;LIN;AZ;AZ;313;09/08/2022;15:25;MC;LIN;-;-;-;-;-;-;-;-;-;-;-;-;-;-;-;-;-;-;-;-;-;-;-;-;-;-;-;-
3301921;MP;319;0;AZ;AZ;300;09/08/2022;10:20;MC;LIN;AZ;AZ;305;09/08/2022;11:10;MC;LIN;-;-;-;-;-;-;-;-;-;-;-;-;-;-;-;-;-;-;-;-;-;-;-;-;-;-;-;-
3301922;MP;319;0;AZ;AZ;358;09/08/2022;20:40;MC;LIN;AZ;AZ;311;09/08/2022;21:30;MC;LIN;-;-;-;-;-;-;-;-;-;-;-;-;-;-;-;-;-;-;-;-;-;-;-;-;-;-;-;-
3302126;MP;737;1;KL;KL;1229;09/08/2022;08:00;MC;AMS;KL;KL;1230;09/08/2022;10:15;MC;AMS;-;-;-;-;-;-;-;-;-;-;-;-;-;-;-;-;-;-;-;-;-;-;-;-;-;-;-;-
3302127;MP;737;1;KL;KL;1233;09/08/2022;12:25;MC;AMS;KL;KL;1234;09/08/2022;14:30;MC;AMS;-;-;-;-;-;-;-;-;-;-;-;-;-;-;-;-;-;-;-;-;-;-;-;-;-;-;-;-
3302128;MP;737;1;KL;KL;1243;09/08/2022;16:30;MC;AMS;KL;KL;1244;09/08/2022;18:35;MC;AMS;-;-;-;-;-;-;-;-;-;-;-;-;-;-;-;-;-;-;-;-;-;-;-;-;-;-;-;-
3302129;MP;737;1;KL;KL;1245;09/08/2022;17:50;MC;AMS;KL;KL;1246;09/08/2022;20:15;MC;AMS;-;-;-;-;-;-;-;-;-;-;-;-;-;-;-;-;-;-;-;-;-;-;-;-;-;-;-;-
3302149;MP;737;1;KL;KL;1227;09/08/2022;07:15;MC;AMS;KL;KL;1228;09/08/2022;09:30;MC;AMS;-;-;-;-;-;-;-;-;-;-;-;-;-;-;-;-;-;-;-;-;-;-;-;-;-;-;-;-
