Stay    ;BodyType ;AircraftType ;Towable ;Arr_OwnerCie ;Arr_ExploitingCie ;Arr_Number ;Arr_Date   ;Arr_Hour ;Arr_CourrierCode ;Arr_Stop ;Dep_OwnerCie ;Dep_ExploitingCie ;Dep_Number ;Dep_Date   ;Dep_Hour ;Dep_CourrierCode ;Dep_Stop
2309512;MP       ;320;0;AF           ;AF                ;1555;23/06/2016;13:15;MC               ;ALG      ;-            ;-                 ;0;23/06/2016;14:15;-                ;-
2309513;MP       ;319;0;AF           ;AF                ;1179;23/06/2016;15:05;MC               ;NAP      ;-            ;-                 ;0;23/06/2016;16:05;-                ;-
2311090;MP       ;320;1;AF           ;AF                ;1313;23/06/2016;22:10;MC               ;LIN      ;AF           ;AF                ;7660;24/06/2016;07:20;MC               ;MRS
2311119;MP       ;318;1;AF           ;AF                ;7685;23/06/2016;22:10;MC               ;MPL      ;AF           ;AF                ;7700;24/06/2016;07:15;MC               ;NCE
2310576;3N       ;E90          ;0;A5           ;AF                ;1719;22/06/2016;22:05;MC               ;FRA      ;A5           ;AF                ;1518;23/06/2016;07:30;MC               ;FRA
2310577;3N       ;E70          ;0;A5           ;AF                ;7755;23/06/2016;15:45;MC               ;CFE      ;A5           ;AF                ;1524;23/06/2016;16:25;MC               ;BRE
2310578;MP       ;319;0;AF           ;AF                ;1727;23/06/2016;16:50;MC               ;VCE      ;AF           ;AF                ;1526;23/06/2016;18:05;MC               ;VCE
2310581;MP       ;321;0;AF           ;AF                ;1005;23/06/2016;08:50;MC               ;FCO      ;AF           ;AF                ;1504;23/06/2016;09:45;MC               ;FCO
2310583;3N       ;E90          ;0;A5           ;AF                ;7537;23/06/2016;12:15;MC               ;PUF      ;A5           ;AF                ;1506;23/06/2016;12:55;MC               ;DUS
2310585;MP       ;318;0;AF           ;AF                ;1713;23/06/2016;18:40;MC               ;LIN      ;AF           ;AF                ;1512;23/06/2016;19:50;MC               ;LIN
2310586;3N       ;E90          ;0;A5           ;AF                ;1607;23/06/2016;13:20;MC               ;DUS      ;A5           ;AF                ;1576;23/06/2016;16:20;MC               ;BIO
2310587;MP       ;318;0;AF           ;AF                ;7689;23/06/2016;12:20;MC               ;MPL      ;AF           ;AF                ;1566;23/06/2016;13:10;MC               ;FLR
2310589;MP       ;318;0;AF           ;AF                ;1057;23/06/2016;11:50;MC               ;GLA      ;AF           ;AF                ;1560;23/06/2016;13:00;MC               ;ZAG
2310590;MP       ;319;0;AF           ;AF                ;1753;23/06/2016;17:30;MC               ;KBP      ;AF           ;AF                ;1564;23/06/2016;18:45;MC               ;BHX
2310592;MP       ;318;0;AF           ;AF                ;1815;23/06/2016;19:30;MC               ;ZRH      ;AF           ;AF                ;1578;23/06/2016;20:35;MC               ;NAP
2310593;MP       ;318;1;AF           ;AF                ;1049;22/06/2016;21:20;MC               ;BCN      ;AF           ;AF                ;1542;23/06/2016;07:15;MC               ;GVA
2310594;MP       ;321;0;AF           ;AF                ;7625;23/06/2016;12:05;MC               ;BOD      ;AF           ;AF                ;1534;23/06/2016;13:00;MC               ;TXL
2310595;MP       ;320;1;AF           ;AF                ;1621;22/06/2016;21:40;MC               ;TLV      ;AF           ;AF                ;1554;23/06/2016;07:20;MC               ;ALG
2310596;MP       ;320;0;AF           ;AF                ;1135;23/06/2016;08:50;MC               ;TXL      ;AF           ;AF                ;1532;23/06/2016;09:50;MC               ;ATH
2310597;3N       ;E90          ;0;A5           ;AF                ;1375;23/06/2016;19:10;MC               ;OSL      ;A5           ;AF                ;1552;23/06/2016;19:55;MC               ;GOT
2310598;MP       ;319;0;AF           ;AF                ;1233;23/06/2016;14:40;MC               ;ATH      ;AF           ;AF                ;1548;23/06/2016;15:30;MC               ;BCN
2310599;MP       ;320;0;AF           ;AF                ;1125;23/06/2016;09:30;MC               ;LIS      ;AF           ;AF                ;1426;23/06/2016;10:25;MC               ;VCE
2310600;MP       ;318;1;AF           ;AF                ;7715;22/06/2016;22:15;MC               ;NCE      ;AF           ;AF                ;1434;23/06/2016;07:35;MC               ;TXL
2310601;MP       ;318;0;AF           ;AF                ;7649;23/06/2016;20:10;MC               ;LYS      ;AF           ;AF                ;1414;23/06/2016;21:10;MC               ;ZRH
2310602;3N       ;E90          ;0;A5           ;AF                ;1775;23/06/2016;15:05;MC               ;OSL      ;A5           ;AF                ;1406;23/06/2016;15:45;MC               ;DUS
2310604;MP       ;319;0;AF           ;AF                ;7681;23/06/2016;07:50;MC               ;MPL      ;AF           ;AF                ;1410;23/06/2016;08:35;MC               ;HAM
2310605;3N       ;E70          ;0;A5           ;AF                ;1811;23/06/2016;20:00;MC               ;NUE      ;A5           ;AF                ;1416;23/06/2016;20:50;MC               ;GOA
2310606;MP       ;318;1;AF           ;AF                ;1239;22/06/2016;22:15;MC               ;VIE      ;AF           ;AF                ;1422;23/06/2016;07:20;MC               ;MUC
2310608;3N       ;E90          ;0;A5           ;AF                ;1107;23/06/2016;07:55;MC               ;DUS      ;A5           ;AF                ;1476;23/06/2016;08:35;MC               ;BIO
2310609;MP       ;319;0;AF           ;AF                ;1381;23/06/2016;09:00;MC               ;LHR      ;AF           ;AF                ;1464;23/06/2016;09:55;MC               ;LED
2310610;MP       ;320;0;AF           ;AF                ;1781;23/06/2016;18:05;MC               ;LHR      ;AF           ;AF                ;1496;23/06/2016;19:00;MC               ;CMN
2310611;3N       ;E90          ;0;A5           ;AF                ;1687;23/06/2016;14:25;MC               ;EDI      ;A5           ;AF                ;1486;23/06/2016;15:25;MC               ;EDI
2310612;MP       ;318;0;AF           ;AF                ;7643;23/06/2016;14:35;MC               ;LYS      ;AF           ;AF                ;1494;23/06/2016;15:30;MC               ;BUD
2310613;MP       ;321;0;AF           ;AF                ;1649;23/06/2016;17:05;MC               ;BCN      ;AF           ;AF                ;1440;23/06/2016;18:00;MC               ;AMS
2310614;MP       ;318;0;AF           ;AF                ;1435;23/06/2016;11:55;MC               ;TXL      ;AF           ;AF                ;1442;23/06/2016;12:50;MC               ;GVA
2310615;3N       ;E70          ;0;A5           ;AF                ;1393;23/06/2016;19:45;MC               ;BSL      ;A5           ;AF                ;1438;23/06/2016;20:25;MC               ;HAJ
2310616;MP       ;320;0;AF           ;AF                ;1343;23/06/2016;19:15;MC               ;GVA      ;AF           ;AF                ;1462;23/06/2016;20:05;MC               ;ARN
2310617;MP       ;321;0;AF           ;AF                ;1835;23/06/2016;19:55;MC               ;TXL      ;AF           ;AF                ;1448;23/06/2016;21:00;MC               ;BCN
2310618;3N       ;E90          ;0;A5           ;AF                ;1307;23/06/2016;10:35;MC               ;DUS      ;A5           ;AF                ;1452;23/06/2016;13:05;MC               ;GOT
2310619;MP       ;318;0;AF           ;AF                ;1543;23/06/2016;10:25;MC               ;GVA      ;AF           ;AF                ;1742;23/06/2016;11:15;MC               ;GVA
2310620;MP       ;321;0;AF           ;AF                ;1205;23/06/2016;12:25;MC               ;FCO      ;AF           ;AF                ;1738;23/06/2016;13:25;MC               ;VIE
2310621;MP       ;318;0;AF           ;AF                ;1423;23/06/2016;11:25;MC               ;MUC      ;AF           ;AF                ;1740;23/06/2016;12:35;MC               ;AMS
2310622;MP       ;319;0;AF           ;AF                ;1359;23/06/2016;11:45;MC               ;RBA      ;AF           ;AF                ;1744;23/06/2016;12:50;MC               ;SVO
2311168;MP       ;318;1;AF           ;AF                ;1561;23/06/2016;17:45;MC               ;ZAG      ;AF           ;AF                ;1056;24/06/2016;07:30;MC               ;GLA
2311170;MP       ;318;1;AF           ;AF                ;1767;23/06/2016;22:05;MC               ;FLR      ;AF           ;AF                ;1066;24/06/2016;07:20;MC               ;FLR
2311177;MP       ;319;1;AF           ;AF                ;1051;23/06/2016;22:15;MC               ;CPH      ;AF           ;AF                ;1000;24/06/2016;07:15;MC               ;MAD
2311188;MP       ;319;1;AF           ;AF                ;1891;23/06/2016;21:25;MC               ;IST      ;AF           ;AF                ;1164;24/06/2016;08:00;MC               ;BHX
2311192;MP       ;319;1;AF           ;AF                ;1047;23/06/2016;21:30;MC               ;WAW      ;AF           ;AF                ;1232;24/06/2016;07:15;MC               ;ATH
2311193;MP       ;321;1;AF           ;AF                ;7527;23/06/2016;22:15;MC               ;TLS      ;AF           ;AF                ;1240;24/06/2016;07:20;MC               ;AMS
2311199;MP       ;319;1;AF           ;AF                ;7633;23/06/2016;22:20;MC               ;BOD      ;AF           ;AF                ;1212;24/06/2016;07:20;MC               ;LIN
2311200;MP       ;318;1;AF           ;AF                ;1101;23/06/2016;22:20;MC               ;MAD      ;AF           ;AF                ;1228;24/06/2016;07:30;MC               ;BLQ
2311202;MP       ;321;1;AF           ;AF                ;1441;23/06/2016;21:45;MC               ;AMS      ;AF           ;AF                ;1204;24/06/2016;07:15;MC               ;FCO
2311204;MP       ;318;1;AF           ;AF                ;1315;23/06/2016;22:15;MC               ;ZRH      ;AF           ;AF                ;1126;24/06/2016;07:25;MC               ;VCE
2311207;MP       ;318;1;AF           ;AF                ;1049;23/06/2016;21:20;MC               ;BCN      ;AF           ;AF                ;1114;24/06/2016;07:35;MC               ;ZRH
2311218;MP       ;321;1;AF           ;AF                ;1023;23/06/2016;22:20;MC               ;MUC      ;AF           ;AF                ;1148;24/06/2016;07:40;MC               ;BCN
2311220;MP       ;320;1;AF           ;AF                ;1043;23/06/2016;21:40;MC               ;GVA      ;AF           ;AF                ;1138;24/06/2016;07:15;MC               ;VIE
2311229;MP       ;320;1;AF           ;AF                ;1583;23/06/2016;22:20;MC               ;PRG      ;AF           ;AF                ;1340;24/06/2016;07:50;MC               ;AMS
2311230;MP       ;320;1;AF           ;AF                ;1195;23/06/2016;22:05;MC               ;LIS      ;AF           ;AF                ;1394;24/06/2016;07:15;MC               ;BUD
2311241;MP       ;321;1;AF           ;AF                ;1063;23/06/2016;22:05;MC               ;ARN      ;AF           ;AF                ;1382;24/06/2016;07:25;MC               ;PRG
2311263;3N       ;E90          ;0;A5           ;AF                ;1007;23/06/2016;21:50;MC               ;DUS      ;A5           ;AF                ;1306;24/06/2016;07:15;MC               ;DUS
2310623;MP       ;319;0;AF           ;AF                ;1089;23/06/2016;09:20;MC               ;OTP      ;AF           ;AF                ;1752;23/06/2016;10:20;MC               ;KBP
2310624;MP       ;318;1;AF           ;AF                ;1405;22/06/2016;21:20;MC               ;FCO      ;AF           ;AF                ;1750;23/06/2016;07:15;MC               ;CPH
2310625;MP       ;318;1;AF           ;AF                ;1813;23/06/2016;12:30;MC               ;LIN      ;AF           ;AF                ;1712;23/06/2016;14:45;MC               ;LIN
2310626;3N       ;E90          ;0;A5           ;AF                ;1453;23/06/2016;18:00;MC               ;GOT      ;A5           ;AF                ;1718;23/06/2016;18:40;MC               ;FRA
2310628;MP       ;319;0;AF           ;AF                ;1213;23/06/2016;11:25;MC               ;LIN      ;AF           ;AF                ;1726;23/06/2016;12:35;MC               ;VCE
2310629;MP       ;320;0;AF           ;AF                ;1463;23/06/2016;09:10;MC               ;ARN      ;AF           ;AF                ;1734;23/06/2016;10:10;MC               ;TXL
2310630;MP       ;319;0;AF           ;AF                ;1855;23/06/2016;15:35;MC               ;ALG      ;AF           ;AF                ;1754;23/06/2016;16:25;MC               ;ALG
2310631;MP       ;318;0;AF           ;AF                ;1415;23/06/2016;09:05;MC               ;ZRH      ;AF           ;AF                ;1722;23/06/2016;10:15;MC               ;MUC
2310632;3N       ;E70          ;0;A5           ;AF                ;1317;23/06/2016;19:20;MC               ;GOA      ;A5           ;AF                ;1724;23/06/2016;20:00;MC               ;BRE
2310633;MP       ;318;0;AF           ;AF                ;1367;23/06/2016;14:35;MC               ;FLR      ;AF           ;AF                ;1814;23/06/2016;16:10;MC               ;ZRH
2310634;MP       ;318;0;AF           ;AF                ;1611;23/06/2016;07:55;MC               ;HAM      ;AF           ;AF                ;1812;23/06/2016;08:45;MC               ;LIN
2310635;MP       ;318;0;AF           ;AF                ;1751;23/06/2016;11:55;MC               ;CPH      ;AF           ;AF                ;1828;23/06/2016;12:55;MC               ;BLQ
2310636;MP       ;319;0;AF           ;AF                ;7517;23/06/2016;11:25;MC               ;TLS      ;AF           ;AF                ;1832;23/06/2016;12:40;MC               ;ATH
2310638;MP       ;321;0;AF           ;AF                ;1641;23/06/2016;15:00;MC               ;AMS      ;AF           ;AF                ;1822;23/06/2016;15:55;MC               ;MUC
2310639;3N       ;E90          ;0;A5           ;AF                ;1019;23/06/2016;08:55;MC               ;FRA      ;A5           ;AF                ;1774;23/06/2016;09:40;MC               ;OSL
2310640;MP       ;318;0;AF           ;AF                ;1711;23/06/2016;16:40;MC               ;HAM      ;AF           ;AF                ;1766;23/06/2016;17:45;MC               ;FLR
2310641;3N       ;E70          ;0;A5           ;AF                ;7657;23/06/2016;19:55;MC               ;BIQ      ;A5           ;AF                ;1764;23/06/2016;20:45;MC               ;BLL
2310643;3N       ;E70          ;0;A5           ;AF                ;1293;23/06/2016;15:50;MC               ;BSL      ;A5           ;AF                ;1810;23/06/2016;16:30;MC               ;NUE
2310644;MP       ;320;1;AF           ;AF                ;1669;23/06/2016;11:15;MC               ;MAN      ;AF           ;AF                ;1780;23/06/2016;13:25;MC               ;LHR
2310645;MP       ;319;0;AF           ;AF                ;1281;23/06/2016;20:00;MC               ;LHR      ;AF           ;AF                ;1784;23/06/2016;20:55;MC               ;TUN
2310646;MP       ;319;0;AF           ;AF                ;1165;23/06/2016;11:40;MC               ;BHX      ;AF           ;AF                ;1788;23/06/2016;12:35;MC               ;SOF
2310647;3N       ;E90          ;0;A5           ;AF                ;1377;23/06/2016;09:20;MC               ;BIO      ;A5           ;AF                ;1606;23/06/2016;10:15;MC               ;DUS
2310649;MP       ;318;0;AF           ;AF                ;1329;23/06/2016;19:35;MC               ;BLQ      ;AF           ;AF                ;1610;23/06/2016;20:55;MC               ;HAM
2310651;MP       ;318;0;AF           ;AF                ;1229;23/06/2016;12:05;MC               ;BLQ      ;AF           ;AF                ;1614;23/06/2016;12:55;MC               ;ZRH
2310652;MP       ;319;0;AF           ;AF                ;1145;23/06/2016;11:45;MC               ;SVO      ;AF           ;AF                ;1588;23/06/2016;13:15;MC               ;OTP
2310653;MP       ;319;0;AF           ;AF                ;1653;23/06/2016;09:15;MC               ;KBP      ;AF           ;AF                ;1590;23/06/2016;10:00;MC               ;IST
2310654;MP       ;319;0;AF           ;AF                ;1355;23/06/2016;10:55;MC               ;ALG      ;AF           ;AF                ;1596;23/06/2016;12:35;MC               ;CMN
2310655;MP       ;318;0;AF           ;AF                ;7739;23/06/2016;14:30;MC               ;BES      ;AF           ;AF                ;1604;23/06/2016;15:25;MC               ;FCO
2310656;MP       ;318;0;AF           ;AF                ;7705;23/06/2016;11:05;MC               ;NCE      ;AF           ;AF                ;1600;23/06/2016;12:35;MC               ;MAD
2310657;MP       ;320;1;AF           ;AF                ;1197;22/06/2016;22:20;MC               ;CMN      ;AF           ;AF                ;1668;23/06/2016;07:20;MC               ;MAN
2310658;MP       ;321;1;AF           ;AF                ;1181;22/06/2016;22:20;MC               ;LHR      ;AF           ;AF                ;1680;23/06/2016;07:30;MC               ;LHR
2310659;3N       ;E90          ;0;A5           ;AF                ;1887;23/06/2016;09:30;MC               ;EDI      ;A5           ;AF                ;1686;23/06/2016;10:10;MC               ;EDI
2310660;3N       ;E90          ;0;A5           ;AF                ;1553;23/06/2016;09:15;MC               ;GOT      ;A5           ;AF                ;1618;23/06/2016;10:00;MC               ;FRA
2310661;MP       ;319;0;AF           ;AF                ;1789;23/06/2016;19:00;MC               ;SOF      ;AF           ;AF                ;1652;23/06/2016;19:45;MC               ;KBP
2310662;MP       ;318;0;AF           ;AF                ;1743;23/06/2016;14:20;MC               ;GVA      ;AF           ;AF                ;1666;23/06/2016;15:30;MC               ;FLR
2310663;MP       ;318;0;AF           ;AF                ;1067;23/06/2016;11:50;MC               ;FLR      ;AF           ;AF                ;1710;23/06/2016;12:45;MC               ;HAM
2310665;MP       ;319;0;AF           ;AF                ;7637;23/06/2016;19:45;MC               ;BOD      ;AF           ;AF                ;1694;23/06/2016;20:45;MC               ;BUD
2310666;MP       ;320;1;AF           ;AF                ;487;23/06/2016;05:30;LC               ;AMM      ;AF           ;AF                ;1620;23/06/2016;10:50;MC               ;TLV
2310667;MP       ;321;0;AF           ;AF                ;7725;23/06/2016;12:30;MC               ;NTE      ;AF           ;AF                ;1622;23/06/2016;13:25;MC               ;MUC
2310668;3N       ;E70          ;0;A5           ;AF                ;7655;23/06/2016;12:30;MC               ;BIQ      ;A5           ;AF                ;1638;23/06/2016;13:15;MC               ;HAJ
2310669;MP       ;321;0;AF           ;AF                ;1241;23/06/2016;10:45;MC               ;AMS      ;AF           ;AF                ;1640;23/06/2016;11:40;MC               ;AMS
2310670;MP       ;321;0;AF           ;AF                ;7621;23/06/2016;07:40;MC               ;BOD      ;AF           ;AF                ;1642;23/06/2016;08:30;MC               ;GVA
2310671;MP       ;321;0;AF           ;AF                ;1643;23/06/2016;11:40;MC               ;GVA      ;AF           ;AF                ;1648;23/06/2016;12:35;MC               ;BCN
2310672;MP       ;320;0;AF           ;AF                ;1013;23/06/2016;17:20;MC               ;LIN      ;AF           ;AF                ;1582;23/06/2016;18:15;MC               ;PRG
2310673;MP       ;321;0;AF           ;AF                ;1149;23/06/2016;12:10;MC               ;BCN      ;AF           ;AF                ;1624;23/06/2016;13:20;MC               ;LIS
2310674;MP       ;319;0;AF           ;AF                ;1411;23/06/2016;12:30;MC               ;HAM      ;AF           ;AF                ;1850;23/06/2016;13:20;MC               ;CPH
2310675;MP       ;319;1;AF           ;AF                ;1085;23/06/2016;13:15;MC               ;TUN      ;AF           ;AF                ;1844;23/06/2016;16:00;MC               ;SVO
2310676;MP       ;319;0;AF           ;AF                ;1391;23/06/2016;08:55;MC               ;IST      ;AF           ;AF                ;1854;23/06/2016;09:45;MC               ;ALG
2310678;MP       ;318;0;AF           ;AF                ;1513;23/06/2016;09:10;MC               ;LIN      ;AF           ;AF                ;1842;23/06/2016;10:00;MC               ;GVA
2310679;MP       ;321;0;AF           ;AF                ;1349;23/06/2016;14:40;MC               ;BCN      ;AF           ;AF                ;1834;23/06/2016;15:35;MC               ;TXL
2310680;MP       ;319;1;AF           ;AF                ;1153;23/06/2016;08:45;MC               ;LED      ;AF           ;AF                ;1890;23/06/2016;12:35;MC               ;IST
2310681;MP       ;319;1;AF           ;AF                ;1745;22/06/2016;21:40;MC               ;SVO      ;AF           ;AF                ;1896;23/06/2016;07:15;MC               ;CMN
2310682;3N       ;E90          ;0;A5           ;AF                ;1119;23/06/2016;20:00;MC               ;FRA      ;A5           ;AF                ;1886;23/06/2016;20:45;MC               ;EDI
2310683;MP       ;320;1;AF           ;AF                ;1121;23/06/2016;05:00;MC               ;TLV      ;AF           ;AF                ;1888;23/06/2016;10:25;MC               ;OTP
2310684;MP       ;319;1;AF           ;AF                ;1051;22/06/2016;22:15;MC               ;CPH      ;AF           ;AF                ;7516;23/06/2016;07:20;MC               ;TLS
2310685;MP       ;320;0;AF           ;AF                ;7521;23/06/2016;12:05;MC               ;TLS      ;AF           ;AF                ;7528;23/06/2016;13:00;MC               ;TLS
2310686;3N       ;E90          ;0;A5           ;AF                ;1519;23/06/2016;11:55;MC               ;FRA      ;A5           ;AF                ;7534;23/06/2016;12:35;MC               ;PUF
2310687;3N       ;E90          ;0;A5           ;AF                ;7751;23/06/2016;08:00;MC               ;CFE      ;A5           ;AF                ;7536;23/06/2016;08:40;MC               ;PUF
2310688;3N       ;E70          ;0;A5           ;AF                ;1639;23/06/2016;17:40;MC               ;HAJ      ;A5           ;AF                ;7532;23/06/2016;20:00;MC               ;PUF
2310689;MP       ;321;0;AF           ;AF                ;7523;23/06/2016;14:40;MC               ;TLS      ;AF           ;AF                ;7522;23/06/2016;15:40;MC               ;TLS
2310690;MP       ;321;0;AF           ;AF                ;7529;23/06/2016;08:40;MC               ;TLS      ;AF           ;AF                ;7518;23/06/2016;09:35;MC               ;TLS
2310691;MP       ;321;0;AF           ;AF                ;1623;23/06/2016;17:45;MC               ;MUC      ;AF           ;AF                ;7524;23/06/2016;18:40;MC               ;TLS
2310692;MP       ;321;0;AF           ;AF                ;7525;23/06/2016;19:50;MC               ;TLS      ;AF           ;AF                ;7526;23/06/2016;21:00;MC               ;TLS
2310693;GP       ;330;1;AF           ;AF                ;513;23/06/2016;06:10;LC               ;PHC      ;AF           ;AF                ;306;23/06/2016;11:00;LC               ;LFW
2310694;GP       ;777;0;AF           ;AF                ;475;23/06/2016;14:15;LC               ;PTY      ;AF           ;AF                ;338;23/06/2016;16:35;LC               ;BOS
2310695;GP       ;330;0;AF           ;AF                ;503;23/06/2016;11:25;LC               ;CAI      ;AF           ;AF                ;332;23/06/2016;13:45;LC               ;RUH
2310696;GP       ;330;1;AF           ;AF                ;427;23/06/2016;14:25;LC               ;GIG      ;AF           ;AF                ;322;23/06/2016;19:10;LC               ;BOS
2310697;GP       ;777;1;AF           ;AF                ;719;23/06/2016;06:05;LC               ;DKR      ;AF           ;AF                ;264;23/06/2016;13:30;LC               ;ICN
2310698;GP       ;777;1;AF           ;AF                ;805;23/06/2016;06:35;LC               ;COO      ;AF           ;AF                ;258;23/06/2016;14:00;LC               ;SGN
2310699;GP       ;777;1;AF           ;AF                ;257;23/06/2016;06:10;LC               ;SIN      ;AF           ;AF                ;256;23/06/2016;21:00;LC               ;SIN
2310700;GP       ;777;1;AF           ;AF                ;703;23/06/2016;06:30;LC               ;ABJ      ;AF           ;AF                ;276;23/06/2016;13:55;LC               ;NRT
2310701;GP       ;777;1;AF           ;AF                ;275;23/06/2016;16:25;LC               ;NRT      ;AF           ;AF                ;274;23/06/2016;23:30;LC               ;HND
2310702;GP       ;340;0;AF           ;AF                ;673;23/06/2016;11:05;LC               ;MSP      ;AF           ;AF                ;378;23/06/2016;13:30;LC               ;DTW
2310703;GP       ;340;1;AF           ;AF                ;499;23/06/2016;06:20;LC               ;SXM      ;AF           ;AF                ;368;23/06/2016;10:35;LC               ;CCS
2310704;GP       ;777;0;AF           ;AF                ;565;23/06/2016;19:45;LC               ;BEY      ;AF           ;AF                ;382;23/06/2016;23:25;LC               ;PEK
2310705;GP       ;777;0;AF           ;AF                ;347;23/06/2016;08:25;LC               ;YUL      ;AF           ;AF                ;342;23/06/2016;11:35;LC               ;YUL
2310706;GP       ;777;1;AF           ;AF                ;107;23/06/2016;05:55;LC               ;CAN      ;AF           ;AF                ;344;23/06/2016;14:15;LC               ;YUL
2310707;GP       ;777;0;AF           ;AF                ;401;23/06/2016;11:15;LC               ;SCL      ;AF           ;AF                ;356;23/06/2016;13:55;LC               ;YYZ
2310708;GP       ;777;1;AF           ;AF                ;349;23/06/2016;11:35;LC               ;YUL      ;AF           ;AF                ;348;23/06/2016;19:10;LC               ;YUL
2310709;GP       ;777;1;AF           ;AF                ;85;23/06/2016;16:45;LC               ;SFO      ;AF           ;AF                ;442;23/06/2016;23:35;LC               ;GIG
2310711;MP       ;320;1;AF           ;AF                ;487;17/06/2016;05:30;LC               ;AMM      ;AF           ;AF                ;452;23/06/2016;14:45;LC               ;AMM
2310712;GP       ;777;1;AF           ;AF                ;117;23/06/2016;16:35;LC               ;PVG      ;AF           ;AF                ;454;23/06/2016;23:30;LC               ;GRU
2310713;GP       ;777;0;AF           ;AF                ;953;23/06/2016;07:10;LC               ;SSG      ;AF           ;AF                ;456;23/06/2016;10:30;LC               ;GRU
2310714;GP       ;777;1;AF           ;AF                ;117;22/06/2016;16:35;LC               ;PVG      ;AF           ;AF                ;394;23/06/2016;23:20;LC               ;MVD
2310715;GP       ;340;1;AF           ;AF                ;423;21/06/2016;11:15;LC               ;BOG      ;AF           ;AF                ;422;23/06/2016;11:20;LC               ;BOG
2310716;GP       ;777;1;AF           ;AF                ;267;23/06/2016;14:10;LC               ;ICN      ;AF           ;AF                ;406;23/06/2016;23:30;LC               ;SCL
2310717;GP       ;330;1;AF           ;AF                ;339;23/06/2016;06:00;LC               ;LFW      ;AF           ;AF                ;514;23/06/2016;11:00;LC               ;PHC
2310718;GP       ;330;1;AF           ;AF                ;897;23/06/2016;06:30;LC               ;BZV      ;AF           ;AF                ;508;23/06/2016;13:30;LC               ;CAI
2310719;GP       ;330;1;AF           ;AF                ;145;23/06/2016;11:30;LC               ;ORD      ;AF           ;AF                ;558;23/06/2016;16:25;LC               ;NDJ
2310720;GP       ;777;1;AF           ;AF                ;345;23/06/2016;05:40;LC               ;YUL      ;AF           ;AF                ;520;23/06/2016;13:30;LC               ;BSB
2310721;GP       ;777;1;AF           ;AF                ;165;23/06/2016;17:00;LC               ;BKK      ;AF           ;AF                ;460;23/06/2016;23:35;LC               ;MRU
2310722;GP       ;777;0;AF           ;AF                ;27;23/06/2016;11:00;LC               ;IAD      ;AF           ;AF                ;474;23/06/2016;13:55;LC               ;PTY
2310723;GP       ;340;0;AF           ;AF                ;524;23/06/2016;08:55;LC               ;OUA      ;AF           ;AF                ;498;23/06/2016;11:05;LC               ;SXM
2310724;GP       ;777;1;AF           ;AF                ;463;23/06/2016;05:40;LC               ;MRU      ;AF           ;AF                ;480;23/06/2016;14:00;LC               ;LIM
2310725;GP       ;777;0;AF           ;AF                ;111;23/06/2016;05:35;LC               ;PVG      ;AF           ;AF                ;566;23/06/2016;09:10;LC               ;BEY
2310726;GP       ;330;1;AF           ;AF                ;149;23/06/2016;06:20;LC               ;LOS      ;AF           ;AF                ;562;23/06/2016;16:30;LC               ;BEY
2310727;GP       ;777;1;AF           ;AF                ;333;23/06/2016;09:10;LC               ;BOS      ;AF           ;AF                ;718;23/06/2016;16:25;LC               ;DKR
2310728;GP       ;340;0;AF           ;AF                ;423;23/06/2016;11:15;LC               ;BOG      ;AF           ;AF                ;694;23/06/2016;13:40;LC               ;MSP
2310729;GP       ;777;1;AF           ;AF                ;381;23/06/2016;05:55;LC               ;PEK      ;AF           ;AF                ;702;23/06/2016;13:55;LC               ;ABJ
2310730;GP       ;330;1;AF           ;AF                ;23;23/06/2016;05:40;LC               ;JFK      ;AF           ;AF                ;770;23/06/2016;13:40;LC               ;CKY
2310731;GP       ;777;0;AF           ;AF                ;969;23/06/2016;09:55;LC               ;PUJ      ;AF           ;AF                ;741;23/06/2016;12:45;LC               ;SDQ
2310732;GP       ;777;0;AF           ;AF                ;457;23/06/2016;08:00;LC               ;GRU      ;AF           ;AF                ;636;23/06/2016;10:40;LC               ;IAH
2310733;GP       ;777;0;AF           ;AF                ;681;23/06/2016;08:10;LC               ;ATL      ;AF           ;AF                ;682;23/06/2016;10:55;LC               ;ATL
2310734;GP       ;777;0;AF           ;AF                ;689;23/06/2016;11:10;LC               ;ATL      ;AF           ;AF                ;688;23/06/2016;13:50;LC               ;ATL
2310735;GP       ;777;0;AF           ;AF                ;11;23/06/2016;11:10;LC               ;JFK      ;AF           ;AF                ;662;23/06/2016;13:55;LC               ;DXB
2310736;MP       ;318;0;AF           ;AF                ;1123;23/06/2016;08:55;MC               ;MUC      ;AF           ;AF                ;7652;23/06/2016;10:05;MC               ;LYS
2310737;3N       ;E70          ;0;A5           ;AF                ;7639;23/06/2016;15:40;MC               ;RNS      ;A5           ;AF                ;7656;23/06/2016;16:20;MC               ;BIQ
2310738;3N       ;E70          ;0;A5           ;AF                ;1093;23/06/2016;08:10;MC               ;BSL      ;A5           ;AF                ;7654;23/06/2016;08:50;MC               ;BIQ
2310739;MP       ;318;0;AF           ;AF                ;1127;23/06/2016;11:50;MC               ;VCE      ;AF           ;AF                ;7644;23/06/2016;12:45;MC               ;LYS
2310740;MP       ;318;0;AF           ;AF                ;1741;23/06/2016;15:55;MC               ;AMS      ;AF           ;AF                ;7646;23/06/2016;16:50;MC               ;LYS
2310741;MP       ;321;0;AF           ;AF                ;1739;23/06/2016;18:10;MC               ;VIE      ;AF           ;AF                ;7648;23/06/2016;19:10;MC               ;LYS
2310742;MP       ;321;0;AF           ;AF                ;7663;23/06/2016;12:00;MC               ;MRS      ;AF           ;AF                ;7664;23/06/2016;12:55;MC               ;MRS
2310743;MP       ;321;0;AF           ;AF                ;7665;23/06/2016;14:40;MC               ;MRS      ;AF           ;AF                ;7666;23/06/2016;15:35;MC               ;MRS
2310744;MP       ;320;1;AF           ;AF                ;1313;22/06/2016;22:10;MC               ;LIN      ;AF           ;AF                ;7660;23/06/2016;07:20;MC               ;MRS
2310745;MP       ;320;0;AF           ;AF                ;7711;23/06/2016;08:45;MC               ;NCE      ;AF           ;AF                ;7662;23/06/2016;09:35;MC               ;MRS
2310746;MP       ;319;0;AF           ;AF                ;1851;23/06/2016;18:00;MC               ;CPH      ;AF           ;AF                ;7626;23/06/2016;19:00;MC               ;BOD
2310747;MP       ;319;0;AF           ;AF                ;1001;23/06/2016;12:15;MC               ;MAD      ;AF           ;AF                ;7624;23/06/2016;13:10;MC               ;BOD
2310748;MP       ;320;0;AF           ;AF                ;1401;23/06/2016;09:10;MC               ;MAD      ;AF           ;AF                ;7622;23/06/2016;10:00;MC               ;BOD
2310749;MP       ;321;0;AF           ;AF                ;7651;23/06/2016;07:50;MC               ;LYS      ;AF           ;AF                ;7620;23/06/2016;08:45;MC               ;BOD
2310750;MP       ;320;0;AF           ;AF                ;7721;23/06/2016;07:25;MC               ;NTE      ;AF           ;AF                ;7640;23/06/2016;08:40;MC               ;LYS
2310751;3N       ;E70          ;0;A5           ;AF                ;1373;23/06/2016;20:00;MC               ;ABZ      ;A5           ;AF                ;7638;23/06/2016;20:45;MC               ;RNS
2310752;MP       ;321;0;AF           ;AF                ;1801;23/06/2016;20:30;MC               ;MAD      ;AF           ;AF                ;7630;23/06/2016;21:25;MC               ;BOD
2310753;MP       ;319;0;AF           ;AF                ;1025;23/06/2016;15:25;MC               ;LIS      ;AF           ;AF                ;7634;23/06/2016;16:15;MC               ;BOD
2310754;MP       ;321;0;AF           ;AF                ;1449;23/06/2016;08:40;MC               ;BCN      ;AF           ;AF                ;7720;23/06/2016;09:35;MC               ;NTE
2310755;MP       ;320;0;AF           ;AF                ;7731;23/06/2016;20:00;MC               ;NTE      ;AF           ;AF                ;7728;23/06/2016;21:10;MC               ;NTE
2310756;MP       ;318;0;AF           ;AF                ;1115;23/06/2016;11:45;MC               ;ZRH      ;AF           ;AF                ;7724;23/06/2016;12:40;MC               ;NTE
2310757;MP       ;320;0;AF           ;AF                ;7709;23/06/2016;19:55;MC               ;NCE      ;AF           ;AF                ;7712;23/06/2016;21:00;MC               ;NCE
2310758;MP       ;321;0;AF           ;AF                ;7701;23/06/2016;12:00;MC               ;NCE      ;AF           ;AF                ;7714;23/06/2016;12:55;MC               ;NCE
2310759;3N       ;E70          ;0;A5           ;AF                ;1417;23/06/2016;09:00;MC               ;GOA      ;A5           ;AF                ;7752;23/06/2016;09:40;MC               ;CFE
2310760;3N       ;E70          ;0;A5           ;AF                ;1325;23/06/2016;12:20;MC               ;BRE      ;A5           ;AF                ;7754;23/06/2016;13:05;MC               ;CFE
2310761;3N       ;E90          ;0;A5           ;AF                ;1203;23/06/2016;20:15;MC               ;TRN      ;A5           ;AF                ;7758;23/06/2016;20:55;MC               ;CFE
2310762;MP       ;318;0;AF           ;AF                ;7727;23/06/2016;15:40;MC               ;NTE      ;AF           ;AF                ;7738;23/06/2016;16:30;MC               ;BES
2310763;3N       ;E70          ;0;A5           ;AF                ;1265;23/06/2016;16:45;MC               ;BLL      ;A5           ;AF                ;7756;23/06/2016;17:20;MC               ;CFE
2310764;MP       ;318;0;AF           ;AF                ;1495;23/06/2016;20:45;MC               ;BUD      ;AF           ;AF                ;7732;23/06/2016;21:35;MC               ;BES
2310765;MP       ;320;0;AF           ;AF                ;7683;23/06/2016;16:20;MC               ;MPL      ;AF           ;AF                ;7730;23/06/2016;17:05;MC               ;NTE
2310766;MP       ;318;0;AF           ;AF                ;1579;23/06/2016;09:05;MC               ;NAP      ;AF           ;AF                ;7736;23/06/2016;10:20;MC               ;BES
2310767;3N       ;E70          ;0;A5           ;AF                ;1439;23/06/2016;08:35;MC               ;HAJ      ;A5           ;AF                ;7676;23/06/2016;09:35;MC               ;RNS
2310768;3N       ;E70          ;0;A5           ;AF                ;7679;23/06/2016;12:15;MC               ;RNS      ;A5           ;AF                ;7678;23/06/2016;13:00;MC               ;RNS
2310769;MP       ;320;0;AF           ;AF                ;7641;23/06/2016;11:45;MC               ;LYS      ;AF           ;AF                ;7680;23/06/2016;12:45;MC               ;MPL
2310770;MP       ;319;0;AF           ;AF                ;7667;23/06/2016;17:35;MC               ;MRS      ;AF           ;AF                ;7668;23/06/2016;18:25;MC               ;MRS
2310771;MP       ;320;0;AF           ;AF                ;7671;23/06/2016;20:50;MC               ;MRS      ;AF           ;AF                ;7670;23/06/2016;21:40;MC               ;MRS
2310772;MP       ;320;0;AF           ;AF                ;7673;23/06/2016;08:40;MC               ;MRS      ;AF           ;AF                ;7702;23/06/2016;09:40;MC               ;NCE
2310773;MP       ;318;1;AF           ;AF                ;7685;22/06/2016;22:10;MC               ;MPL      ;AF           ;AF                ;7700;23/06/2016;07:15;MC               ;NCE
2310774;MP       ;318;0;AF           ;AF                ;1567;23/06/2016;17:35;MC               ;FLR      ;AF           ;AF                ;7708;23/06/2016;18:25;MC               ;NCE
2310775;MP       ;320;0;AF           ;AF                ;7703;23/06/2016;14:40;MC               ;NCE      ;AF           ;AF                ;7706;23/06/2016;15:40;MC               ;NCE
2310776;MP       ;319;0;AF           ;AF                ;1833;23/06/2016;20:10;MC               ;ATH      ;AF           ;AF                ;7684;23/06/2016;21:10;MC               ;MPL
2310777;MP       ;318;0;AF           ;AF                ;7737;23/06/2016;07:50;MC               ;BES      ;AF           ;AF                ;7688;23/06/2016;08:45;MC               ;MPL
2310778;MP       ;318;0;AF           ;AF                ;1601;23/06/2016;17:40;MC               ;MAD      ;AF           ;AF                ;7686;23/06/2016;18:35;MC               ;MPL
2310779;GP       ;777;0;AF           ;AF                ;139;23/06/2016;17:00;LC               ;WUH      ;AF           ;AF                ;76;23/06/2016;19:10;LC               ;PPT
2310780;GP       ;350;1;AF           ;AF                ;185;23/06/2016;05:55;LC               ;HKG      ;AF           ;AF                ;66;23/06/2016;10:30;LC               ;LAX
2310781;GP       ;777;1;AF           ;AF                ;643;23/06/2016;06:15;LC               ;DXB      ;AF           ;AF                ;72;23/06/2016;13:40;LC               ;LAX
2310782;GP       ;777;0;AF           ;AF                ;99;23/06/2016;11:20;LC               ;MIA      ;AF           ;AF                ;90;23/06/2016;14:10;LC               ;MIA
2310783;GP       ;777;1;AF           ;AF                ;291;23/06/2016;16:35;LC               ;KIX      ;AF           ;AF                ;102;23/06/2016;23:20;LC               ;CAN
2310784;GP       ;777;0;AF           ;AF                ;129;23/06/2016;14:00;LC               ;PEK      ;AF           ;AF                ;80;23/06/2016;16:35;LC               ;SFO
2310785;GP       ;350;1;AF           ;AF                ;995;23/06/2016;05:40;LC               ;JNB      ;AF           ;AF                ;84;23/06/2016;10:55;LC               ;SFO
2310786;GP       ;777;1;AF           ;AF                ;639;23/06/2016;08:35;LC               ;IAH      ;AF           ;AF                ;10;23/06/2016;17:00;LC               ;JFK
2310787;GP       ;777;1;AF           ;AF                ;9;23/06/2016;12:40;LC               ;JFK      ;AF           ;AF                ;8;23/06/2016;19:10;LC               ;JFK
2310788;GP       ;350;0;AF           ;AF                ;65;23/06/2016;11:10;LC               ;LAX      ;AF           ;AF                ;6;23/06/2016;14:05;LC               ;JFK
2310789;GP       ;350;1;AF           ;AF                ;7;23/06/2016;08:35;LC               ;JFK      ;AF           ;AF                ;54;23/06/2016;13:45;LC               ;IAD
2310790;GP       ;330;0;AF           ;AF                ;727;23/06/2016;05:40;LC               ;CKY      ;AF           ;AF                ;22;23/06/2016;08:20;LC               ;JFK
2310791;GP       ;777;0;AF           ;AF                ;69;23/06/2016;14:15;LC               ;LAX      ;AF           ;AF                ;26;23/06/2016;17:00;LC               ;IAD
2310792;GP       ;350;0;AF           ;AF                ;55;23/06/2016;08:25;LC               ;IAD      ;AF           ;AF                ;178;23/06/2016;11:20;LC               ;MEX
2310793;GP       ;340;1;AF           ;AF                ;377;20/06/2016;11:30;LC               ;DTW      ;AF           ;AF                ;146;23/06/2016;11:20;LC               ;LOS
2310794;GP       ;330;0;AF           ;AF                ;217;23/06/2016;08:20;LC               ;BOM      ;AF           ;AF                ;218;23/06/2016;11:05;LC               ;BOM
2310795;GP       ;350;1;AF           ;AF                ;83;23/06/2016;11:35;LC               ;SFO      ;AF           ;AF                ;188;23/06/2016;23:30;LC               ;HKG
2310796;GP       ;330;1;AF           ;AF                ;225;23/06/2016;06:15;LC               ;DEL      ;AF           ;AF                ;192;23/06/2016;10:40;LC               ;BLR
2310797;GP       ;777;0;AF           ;AF                ;393;23/06/2016;11:00;LC               ;MVD      ;AF           ;AF                ;112;23/06/2016;14:00;LC               ;PVG
2310798;GP       ;777;0;AF           ;AF                ;561;23/06/2016;14:15;LC               ;BEY      ;AF           ;AF                ;132;23/06/2016;16:35;LC               ;WUH
2310799;GP       ;330;1;AF           ;AF                ;321;23/06/2016;11:35;LC               ;BOS      ;AF           ;AF                ;144;23/06/2016;16:15;LC               ;ORD
2310800;GP       ;350;1;AF           ;AF                ;183;23/06/2016;14:20;LC               ;MEX      ;AF           ;AF                ;116;23/06/2016;23:25;LC               ;PVG
2310801;GP       ;777;1;AF           ;AF                ;443;23/06/2016;08:00;LC               ;GIG      ;AF           ;AF                ;128;23/06/2016;14:00;LC               ;PEK
2310802;GP       ;777;0;AF           ;AF                ;351;23/06/2016;08:05;LC               ;YYZ      ;AF           ;AF                ;934;23/06/2016;11:35;LC               ;TNR
2310803;GP       ;340;0;AF           ;AF                ;755;23/06/2016;12:40;LC               ;IKA      ;AF           ;AF                ;914;23/06/2016;16:10;LC               ;ABJ
2310804;GP       ;777;1;AF           ;AF                ;77;23/06/2016;17:05;LC               ;PPT      ;AF           ;AF                ;926;23/06/2016;22:05;LC               ;FIH
2310805;GP       ;777;0;AF           ;AF                ;459;23/06/2016;11:20;LC               ;GRU      ;AF           ;AF                ;804;23/06/2016;14:30;LC               ;COO
2310806;GP       ;330;0;AF           ;AF                ;373;23/06/2016;06:40;LC               ;BKO      ;AF           ;AF                ;888;23/06/2016;10:35;LC               ;FIH
2310807;GP       ;330;1;AF           ;AF                ;833;23/06/2016;06:00;LC               ;PNR      ;AF           ;AF                ;830;23/06/2016;11:00;LC               ;PNR
2310808;MP       ;319;1;AF           ;AF                ;1891;22/06/2016;21:25;MC               ;IST      ;AF           ;AF                ;1044;23/06/2016;09:35;MC               ;SVO
2310809;MP       ;319;0;AF           ;AF                ;1151;23/06/2016;14:30;MC               ;CPH      ;AF           ;AF                ;1046;23/06/2016;15:55;MC               ;WAW
2310810;MP       ;320;0;AF           ;AF                ;1083;23/06/2016;17:25;MC               ;PRG      ;AF           ;AF                ;1042;23/06/2016;18:30;MC               ;GVA
2310811;MP       ;319;0;AF           ;AF                ;7629;23/06/2016;16:35;MC               ;BOD      ;AF           ;AF                ;1050;23/06/2016;17:40;MC               ;CPH
2310812;MP       ;318;0;AF           ;AF                ;1443;23/06/2016;16:00;MC               ;GVA      ;AF           ;AF                ;1048;23/06/2016;16:55;MC               ;BCN
2310813;3N       ;E90          ;0;A5           ;AF                ;1577;23/06/2016;20:15;MC               ;BIO      ;A5           ;AF                ;1018;23/06/2016;21:00;MC               ;FRA
2310814;MP       ;321;0;AF           ;AF                ;1535;23/06/2016;17:20;MC               ;TXL      ;AF           ;AF                ;1022;23/06/2016;18:15;MC               ;MUC
2310816;MP       ;320;0;AF           ;AF                ;1341;23/06/2016;11:55;MC               ;AMS      ;AF           ;AF                ;1012;23/06/2016;13:25;MC               ;LIN
2310817;MP       ;321;0;AF           ;AF                ;1295;23/06/2016;18:05;MC               ;BUD      ;AF           ;AF                ;1032;23/06/2016;19:00;MC               ;ATH
2310818;MP       ;319;0;AF           ;AF                ;1351;23/06/2016;08:50;MC               ;CPH      ;AF           ;AF                ;1024;23/06/2016;09:40;MC               ;LIS
2310819;MP       ;318;0;AF           ;AF                ;1605;23/06/2016;20:35;MC               ;FCO      ;AF           ;AF                ;1028;23/06/2016;21:25;MC               ;BLQ
2310820;MP       ;321;0;AF           ;AF                ;1069;23/06/2016;16:55;MC               ;MAN      ;AF           ;AF                ;1080;23/06/2016;18:15;MC               ;LHR
2310821;MP       ;320;0;AF           ;AF                ;1139;23/06/2016;12:10;MC               ;VIE      ;AF           ;AF                ;1082;23/06/2016;13:10;MC               ;PRG
2310822;MP       ;318;0;AF           ;AF                ;7645;23/06/2016;16:25;MC               ;LYS      ;AF           ;AF                ;1100;23/06/2016;17:15;MC               ;MAD
2310823;MP       ;319;1;AF           ;AF                ;1755;22/06/2016;22:15;MC               ;ALG      ;AF           ;AF                ;1084;23/06/2016;07:15;MC               ;TUN
2310824;3N       ;E70          ;0;A5           ;AF                ;7757;23/06/2016;20:00;MC               ;CFE      ;A5           ;AF                ;1092;23/06/2016;20:45;MC               ;BSL
2310825;MP       ;319;0;AF           ;AF                ;1591;23/06/2016;18:10;MC               ;IST      ;AF           ;AF                ;1088;23/06/2016;19:10;MC               ;OTP
2310826;MP       ;318;1;AF           ;AF                ;1561;22/06/2016;17:45;MC               ;ZAG      ;AF           ;AF                ;1056;23/06/2016;07:30;MC               ;GLA
2310828;MP       ;320;0;AF           ;AF                ;1321;23/06/2016;12:05;MC               ;TLV      ;AF           ;AF                ;1060;23/06/2016;13:20;MC               ;EVN
2310829;MP       ;318;1;AF           ;AF                ;1767;22/06/2016;22:05;MC               ;FLR      ;AF           ;AF                ;1066;23/06/2016;07:20;MC               ;FLR
2310830;MP       ;321;0;AF           ;AF                ;1505;23/06/2016;15:00;MC               ;FCO      ;AF           ;AF                ;1062;23/06/2016;16:00;MC               ;ARN
2310831;MP       ;321;0;AF           ;AF                ;1681;23/06/2016;12:05;MC               ;LHR      ;AF           ;AF                ;1068;23/06/2016;13:05;MC               ;MAN
2310832;MP       ;320;0;AF           ;AF                ;1497;23/06/2016;11:45;MC               ;CMN      ;AF           ;AF                ;1064;23/06/2016;12:35;MC               ;BHX
2310833;GP       ;777;0;AF           ;AF                ;379;23/06/2016;08:35;LC               ;YVR      ;AF           ;AF                ;958;23/06/2016;11:20;LC               ;SSG
2310834;GP       ;777;0;AF           ;AF                ;943;23/06/2016;14:00;LC               ;HAV      ;AF           ;AF                ;946;23/06/2016;16:35;LC               ;HAV
2310835;MP       ;319;1;AF           ;AF                ;7633;22/06/2016;22:20;MC               ;BOD      ;AF           ;AF                ;1000;23/06/2016;07:15;MC               ;MAD
2310836;GP       ;777;0;AF           ;AF                ;977;23/06/2016;06:50;LC               ;LBV      ;AF           ;AF                ;976;23/06/2016;10:40;LC               ;LBV
2310837;3N       ;E90          ;0;A5           ;AF                ;7535;23/06/2016;16:10;MC               ;PUF      ;A5           ;AF                ;1006;23/06/2016;18:30;MC               ;DUS
2310838;3N       ;E70          ;0;A5           ;AF                ;1725;23/06/2016;07:55;MC               ;BRE      ;A5           ;AF                ;1010;23/06/2016;08:35;MC               ;NUE
2310839;MP       ;321;0;AF           ;AF                ;1625;23/06/2016;19:20;MC               ;LIS      ;AF           ;AF                ;1004;23/06/2016;20:35;MC               ;FCO
2310840;GP       ;777;1;AF           ;AF                ;293;23/06/2016;04:30;LC               ;HND      ;AF           ;AF                ;990;23/06/2016;23:25;LC               ;JNB
2310841;MP       ;320;0;AF           ;AF                ;1427;23/06/2016;14:40;MC               ;VCE      ;AF           ;AF                ;1194;23/06/2016;16:15;MC               ;LIS
2310842;3N       ;E70          ;0;A5           ;AF                ;1311;23/06/2016;08:15;MC               ;NUE      ;A5           ;AF                ;1192;23/06/2016;09:05;MC               ;BSL
2310843;3N       ;E90          ;0;A5           ;AF                ;1507;23/06/2016;16:05;MC               ;DUS      ;A5           ;AF                ;1202;23/06/2016;16:45;MC               ;TRN
2310844;MP       ;320;0;AF           ;AF                ;1581;23/06/2016;14:30;MC               ;LHR      ;AF           ;AF                ;1196;23/06/2016;15:20;MC               ;CMN
2310845;MP       ;319;0;AF           ;AF                ;1259;23/06/2016;17:50;MC               ;RBA      ;AF           ;AF                ;1180;23/06/2016;19:05;MC               ;LHR
2310846;MP       ;319;0;AF           ;AF                ;1327;23/06/2016;08:45;MC               ;VCE      ;AF           ;AF                ;1178;23/06/2016;09:40;MC               ;NAP
2310848;3N       ;E70          ;0;A5           ;AF                ;7753;23/06/2016;12:20;MC               ;CFE      ;A5           ;AF                ;1186;23/06/2016;13:00;MC               ;LJU
2310849;MP       ;319;1;AF           ;AF                ;1565;22/06/2016;22:05;MC               ;BHX      ;AF           ;AF                ;1164;23/06/2016;08:00;MC               ;BHX
2310850;MP       ;320;0;AF           ;AF                ;1889;23/06/2016;17:20;MC               ;OTP      ;AF           ;AF                ;1168;23/06/2016;18:20;MC               ;MAN
2310851;MP       ;319;1;AF           ;AF                ;1047;22/06/2016;21:30;MC               ;WAW      ;AF           ;AF                ;1232;23/06/2016;07:15;MC               ;ATH
2310852;MP       ;321;1;AF           ;AF                ;7527;22/06/2016;22:15;MC               ;TLS      ;AF           ;AF                ;1240;23/06/2016;07:20;MC               ;AMS
2310853;MP       ;320;0;AF           ;AF                ;1511;23/06/2016;19:55;MC               ;HAM      ;AF           ;AF                ;1242;23/06/2016;20:45;MC               ;GVA
2310854;MP       ;318;0;AF           ;AF                ;1615;23/06/2016;16:35;MC               ;ZRH      ;AF           ;AF                ;1238;23/06/2016;17:25;MC               ;VIE
2310855;3N       ;E90          ;0;A5           ;AF                ;1275;23/06/2016;09:05;MC               ;OSL      ;A5           ;AF                ;1218;23/06/2016;12:35;MC               ;FRA
2310856;MP       ;319;1;AF           ;AF                ;1527;22/06/2016;22:20;MC               ;VCE      ;AF           ;AF                ;1212;23/06/2016;07:20;MC               ;LIN
2310857;MP       ;321;1;AF           ;AF                ;1023;22/06/2016;22:20;MC               ;MUC      ;AF           ;AF                ;1204;23/06/2016;07:15;MC               ;FCO
2310858;3N       ;E70          ;0;A5           ;AF                ;1011;23/06/2016;12:00;MC               ;NUE      ;A5           ;AF                ;1210;23/06/2016;12:40;MC               ;NUE
2310859;MP       ;318;1;AF           ;AF                ;1101;22/06/2016;22:20;MC               ;MAD      ;AF           ;AF                ;1228;23/06/2016;07:30;MC               ;BLQ
2310860;MP       ;320;1;AF           ;AF                ;7627;23/06/2016;13:25;MC               ;BOD      ;AF           ;AF                ;1226;23/06/2016;15:40;MC               ;VCE
2310861;MP       ;318;0;AF           ;AF                ;7733;23/06/2016;19:45;MC               ;BES      ;AF           ;AF                ;1122;23/06/2016;21:00;MC               ;MUC
2310862;MP       ;318;1;AF           ;AF                ;1315;22/06/2016;22:15;MC               ;ZRH      ;AF           ;AF                ;1126;23/06/2016;07:25;MC               ;VCE
2310863;MP       ;320;0;AF           ;AF                ;1141;23/06/2016;20:00;MC               ;AMS      ;AF           ;AF                ;1124;23/06/2016;20:50;MC               ;LIS
2310864;3N       ;E90          ;0;A5           ;AF                ;1487;23/06/2016;19:40;MC               ;EDI      ;A5           ;AF                ;1106;23/06/2016;20:30;MC               ;DUS
2310865;MP       ;318;1;AF           ;AF                ;1249;22/06/2016;22:20;MC               ;BCN      ;AF           ;AF                ;1114;23/06/2016;07:35;MC               ;ZRH
2310867;3N       ;E90          ;0;A5           ;AF                ;1219;23/06/2016;16:00;MC               ;FRA      ;A5           ;AF                ;1118;23/06/2016;16:40;MC               ;FRA
2310869;MP       ;320;0;AF           ;AF                ;1065;23/06/2016;16:00;MC               ;BHX      ;AF           ;AF                ;1120;23/06/2016;17:30;MC               ;TLV
2310870;MP       ;318;0;AF           ;AF                ;1843;23/06/2016;13:15;MC               ;GVA      ;AF           ;AF                ;1142;23/06/2016;15:00;MC               ;GVA
2310871;MP       ;319;0;AF           ;AF                ;1045;23/06/2016;18:05;MC               ;SVO      ;AF           ;AF                ;1144;23/06/2016;19:30;MC               ;SVO
2310872;MP       ;320;0;AF           ;AF                ;1263;23/06/2016;15:50;MC               ;ARN      ;AF           ;AF                ;1140;23/06/2016;16:45;MC               ;AMS
2310873;MP       ;319;0;AF           ;AF                ;1695;23/06/2016;08:55;MC               ;BUD      ;AF           ;AF                ;1150;23/06/2016;09:50;MC               ;CPH
2310874;MP       ;319;0;AF           ;AF                ;1285;23/06/2016;16:10;MC               ;TUN      ;AF           ;AF                ;1152;23/06/2016;17:05;MC               ;LED
2310875;MP       ;318;0;AF           ;AF                ;1029;23/06/2016;08:45;MC               ;BLQ      ;AF           ;AF                ;1146;23/06/2016;09:40;MC               ;WAW
2310876;MP       ;321;1;AF           ;AF                ;1441;22/06/2016;21:45;MC               ;AMS      ;AF           ;AF                ;1148;23/06/2016;07:40;MC               ;BCN
2310877;MP       ;320;0;AF           ;AF                ;1305;23/06/2016;19:55;MC               ;FCO      ;AF           ;AF                ;1134;23/06/2016;20:50;MC               ;TXL
2310878;MP       ;320;1;AF           ;AF                ;1043;22/06/2016;21:40;MC               ;GVA      ;AF           ;AF                ;1138;23/06/2016;07:15;MC               ;VIE
2310879;MP       ;320;0;AF           ;AF                ;1735;23/06/2016;14:30;MC               ;TXL      ;AF           ;AF                ;1342;23/06/2016;16:00;MC               ;GVA
2310880;MP       ;321;0;AF           ;AF                ;1033;23/06/2016;09:00;MC               ;ATH      ;AF           ;AF                ;1348;23/06/2016;10:05;MC               ;BCN
2310881;MP       ;319;0;AF           ;AF                ;1549;23/06/2016;19:55;MC               ;BCN      ;AF           ;AF                ;1350;23/06/2016;21:00;MC               ;CPH
2310882;MP       ;320;0;AF           ;AF                ;7669;23/06/2016;11:05;MC               ;MRS      ;AF           ;AF                ;1346;23/06/2016;12:35;MC               ;WAW
2310883;MP       ;320;0;AF           ;AF                ;1227;23/06/2016;19:55;MC               ;VCE      ;AF           ;AF                ;1326;23/06/2016;21:00;MC               ;VCE
2310884;MP       ;318;0;AF           ;AF                ;1723;23/06/2016;14:15;MC               ;MUC      ;AF           ;AF                ;1328;23/06/2016;15:25;MC               ;BLQ
2310885;3N       ;E70          ;0;A5           ;AF                ;7533;23/06/2016;08:00;MC               ;PUF      ;A5           ;AF                ;1324;23/06/2016;08:50;MC               ;BRE
2310886;3N       ;E70          ;0;A5           ;AF                ;7677;23/06/2016;07:50;MC               ;RNS      ;A5           ;AF                ;1338;23/06/2016;08:30;MC               ;HAJ
2310887;MP       ;320;1;AF           ;AF                ;1583;22/06/2016;22:20;MC               ;PRG      ;AF           ;AF                ;1340;23/06/2016;07:50;MC               ;AMS
2310888;3N       ;E70          ;0;A5           ;AF                ;1211;23/06/2016;16:05;MC               ;NUE      ;A5           ;AF                ;1392;23/06/2016;16:45;MC               ;BSL
2310889;MP       ;319;0;AF           ;AF                ;1465;23/06/2016;17:35;MC               ;LED      ;AF           ;AF                ;1390;23/06/2016;18:50;MC               ;IST
2310890;MP       ;320;1;AF           ;AF                ;1195;22/06/2016;22:05;MC               ;LIS      ;AF           ;AF                ;1394;23/06/2016;07:15;MC               ;BUD
2310891;MP       ;318;0;AF           ;AF                ;1147;23/06/2016;15:10;MC               ;WAW      ;AF           ;AF                ;1404;23/06/2016;16:05;MC               ;FCO
2310892;MP       ;321;0;AF           ;AF                ;1823;23/06/2016;20:00;MC               ;MUC      ;AF           ;AF                ;1400;23/06/2016;20:50;MC               ;MAD
2310893;3N       ;E70          ;0;A5           ;AF                ;1273;23/06/2016;14:40;MC               ;ABZ      ;A5           ;AF                ;1372;23/06/2016;15:25;MC               ;ABZ
2310894;3N       ;E90          ;0;A5           ;AF                ;1477;23/06/2016;12:25;MC               ;BIO      ;A5           ;AF                ;1374;23/06/2016;13:45;MC               ;OSL
2310895;MP       ;319;0;AF           ;AF                ;1589;23/06/2016;20:00;MC               ;OTP      ;AF           ;AF                ;1354;23/06/2016;21:10;MC               ;ALG
2310896;MP       ;319;0;AF           ;AF                ;1597;23/06/2016;19:40;MC               ;CMN      ;AF           ;AF                ;1358;23/06/2016;20:45;MC               ;RBA
2310897;MP       ;318;0;AF           ;AF                ;1267;23/06/2016;08:55;MC               ;FLR      ;AF           ;AF                ;1366;23/06/2016;10:05;MC               ;FLR
2310898;MP       ;320;0;AF           ;AF                ;1185;23/06/2016;19:40;MC               ;TUN      ;AF           ;AF                ;1380;23/06/2016;20:30;MC               ;LHR
2310899;MP       ;321;1;AF           ;AF                ;1063;22/06/2016;22:05;MC               ;ARN      ;AF           ;AF                ;1382;23/06/2016;07:25;MC               ;PRG
2310900;3N       ;E90          ;0;A5           ;AF                ;1407;23/06/2016;18:55;MC               ;DUS      ;A5           ;AF                ;1376;23/06/2016;21:00;MC               ;BIO
2310901;3N       ;E70          ;0;A5           ;AF                ;1473;23/06/2016;09:00;MC               ;ABZ      ;A5           ;AF                ;1272;23/06/2016;10:00;MC               ;ABZ
2310902;3N       ;E90          ;0;A5           ;AF                ;1319;23/06/2016;18:35;MC               ;FRA      ;A5           ;AF                ;1274;23/06/2016;19:15;MC               ;OSL
2310903;3N       ;E70          ;0;A5           ;AF                ;1193;23/06/2016;11:55;MC               ;BSL      ;A5           ;AF                ;1264;23/06/2016;12:35;MC               ;BLL
2310904;MP       ;318;0;AF           ;AF                ;1667;23/06/2016;19:55;MC               ;FLR      ;AF           ;AF                ;1266;23/06/2016;20:50;MC               ;FLR
2310905;MP       ;321;0;AF           ;AF                ;1383;23/06/2016;11:45;MC               ;PRG      ;AF           ;AF                ;1294;23/06/2016;12:40;MC               ;BUD
2310906;MP       ;319;0;AF           ;AF                ;1897;23/06/2016;14:20;MC               ;CMN      ;AF           ;AF                ;1280;23/06/2016;16:10;MC               ;LHR
2310907;MP       ;319;0;AF           ;AF                ;1845;23/06/2016;09:20;MC               ;SVO      ;AF           ;AF                ;1284;23/06/2016;10:15;MC               ;TUN
2310908;3N       ;E70          ;0;A5           ;AF                ;1339;23/06/2016;12:10;MC               ;HAJ      ;A5           ;AF                ;1292;23/06/2016;12:55;MC               ;BSL
2310909;MP       ;320;0;AF           ;AF                ;1347;23/06/2016;18:10;MC               ;WAW      ;AF           ;AF                ;1246;23/06/2016;19:20;MC               ;WAW
2310910;MP       ;319;0;AF           ;AF                ;1785;23/06/2016;10:20;MC               ;TUN      ;AF           ;AF                ;1258;23/06/2016;11:10;MC               ;RBA
2310911;MP       ;320;0;AF           ;AF                ;1247;23/06/2016;09:00;MC               ;WAW      ;AF           ;AF                ;1300;23/06/2016;09:55;MC               ;MAD
2310912;MP       ;318;0;AF           ;AF                ;1829;23/06/2016;17:05;MC               ;BLQ      ;AF           ;AF                ;1248;23/06/2016;17:55;MC               ;BCN
2310913;MP       ;320;0;AF           ;AF                ;1243;23/06/2016;08:35;MC               ;GVA      ;AF           ;AF                ;1262;23/06/2016;09:50;MC               ;ARN
2310914;MP       ;318;0;AF           ;AF                ;1143;23/06/2016;18:10;MC               ;GVA      ;AF           ;AF                ;1314;23/06/2016;19:00;MC               ;ZRH
2310915;MP       ;320;0;AF           ;AF                ;1533;23/06/2016;17:20;MC               ;ATH      ;AF           ;AF                ;1312;23/06/2016;18:20;MC               ;LIN
2310916;MP       ;320;0;AF           ;AF                ;1621;23/06/2016;21:40;MC               ;TLV      ;AF           ;AF                ;1320;23/06/2016;23:30;MC               ;TLV
2310917;3N       ;E70          ;0;A5           ;AF                ;1525;23/06/2016;19:55;MC               ;BRE      ;A5           ;AF                ;1310;23/06/2016;20:35;MC               ;NUE
2310918;3N       ;E70          ;0;A5           ;AF                ;1517;23/06/2016;14:25;MC               ;GOA      ;A5           ;AF                ;1316;23/06/2016;15:35;MC               ;GOA
2310919;3N       ;E90          ;0;A5           ;AF                ;1619;23/06/2016;13:35;MC               ;FRA      ;A5           ;AF                ;1318;23/06/2016;15:10;MC               ;FRA
2310920;MP       ;320;0;AF           ;AF                ;1395;23/06/2016;12:30;MC               ;BUD      ;AF           ;AF                ;1304;23/06/2016;14:15;MC               ;FCO
2310921;3N       ;E90          ;0;A5           ;AF                ;1007;22/06/2016;21:50;MC               ;DUS      ;A5           ;AF                ;1306;23/06/2016;07:15;MC               ;DUS
2310922;3N       ;E90          ;0;A5           ;AF                ;1719;23/06/2016;22:05;MC               ;FRA      ;A5           ;AF                ;1518;24/06/2016;07:30;MC               ;FRA
2310935;MP       ;319;1;AF           ;AF                ;1565;23/06/2016;22:05;MC               ;BHX      ;AF           ;AF                ;1554;24/06/2016;07:20;MC               ;ALG
2310941;MP       ;318;1;AF           ;AF                ;1405;23/06/2016;21:20;MC               ;FCO      ;AF           ;AF                ;1542;24/06/2016;07:15;MC               ;GVA
2310946;MP       ;318;1;AF           ;AF                ;7715;23/06/2016;22:15;MC               ;NCE      ;AF           ;AF                ;1434;24/06/2016;07:35;MC               ;TXL
2310953;MP       ;318;1;AF           ;AF                ;1239;23/06/2016;22:15;MC               ;VIE      ;AF           ;AF                ;1422;24/06/2016;07:20;MC               ;MUC
2310968;MP       ;318;1;AF           ;AF                ;1249;23/06/2016;22:20;MC               ;BCN      ;AF           ;AF                ;1750;24/06/2016;07:15;MC               ;CPH
2311005;MP       ;319;1;AF           ;AF                ;1755;23/06/2016;22:15;MC               ;ALG      ;AF           ;AF                ;1668;24/06/2016;07:20;MC               ;MAN
2311006;MP       ;321;1;AF           ;AF                ;1181;23/06/2016;22:20;MC               ;LHR      ;AF           ;AF                ;1680;24/06/2016;07:30;MC               ;LHR
2311013;MP       ;320;1;AF           ;AF                ;1197;23/06/2016;22:20;MC               ;CMN      ;AF           ;AF                ;1620;24/06/2016;10:25;MC               ;TLV
2311028;MP       ;319;1;AF           ;AF                ;1745;23/06/2016;21:40;MC               ;SVO      ;AF           ;AF                ;1896;24/06/2016;07:15;MC               ;CMN
2311030;MP       ;320;1;AF           ;AF                ;1169;23/06/2016;22:10;MC               ;MAN      ;AF           ;AF                ;1888;24/06/2016;10:25;MC               ;OTP
2311031;MP       ;319;1;AF           ;AF                ;1527;23/06/2016;22:20;MC               ;VCE      ;AF           ;AF                ;7516;24/06/2016;07:20;MC               ;TLS
2311064;GP       ;340;1;AF           ;AF                ;377;23/06/2016;11:30;LC               ;DTW      ;AF           ;AF                ;422;24/06/2016;11:20;LC               ;BOG
